district_id,state,district,latitude,longitude,district_area_sq_km,population,population_density,average_rainfall,maximum_rainfall,annual_actual_rainfall,rainfall_departure_pct,heavy_rainfall_days,historical_disaster_count,historical_flood_count,historical_landslide_count,historical_cyclone_count,landslide_event_count,cyclone_track_count,cyclone_exposure_count,max_cyclone_wind,total_households,good_houses,livable_houses,dilapidated_houses,dilapidated_house_pct,hospital_count,hospital_bed_count
DIST_IND_001,JAMMU AND KASHMIR,Kupwara,34.520522,74.208448,2755.63,870354,315.85,1.09,12.9,20.8,0.0,0.0,0,0,0,0,0,0,0,0.0,273.7,111.5,143.4,18.6,6.8,0,0
DIST_IND_002,JAMMU AND KASHMIR,Badgam,33.918236,74.634528,1239.94,753745,607.89,0.59,7.6,11.3,0.0,0.0,0,0,0,0,0,0,0,0.0,292.6,162.3,120.7,9.6,3.28,5,0
DIST_IND_003,JAMMU AND KASHMIR,Leh(Ladakh),35.047811,76.822011,155377.12,133487,0.86,,,,,,0,0,0,0,0,0,0,0.0,296.0,134.3,156.8,4.9,1.66,0,0
DIST_IND_004,JAMMU AND KASHMIR,Kargil,33.902696,76.497341,14085.64,140802,10.0,,,,,,0,0,0,0,0,0,0,0.0,291.8,76.3,208.39999999999998,7.1,2.43,0,0
DIST_IND_005,JAMMU AND KASHMIR,Punch,33.783223,74.018241,4226.34,476835,112.82,7.26,38.5,137.9,0.0,0.0,0,0,0,0,0,2,5,0.0,270.8,143.8,122.2,4.8,1.77,0,0
DIST_IND_006,JAMMU AND KASHMIR,Rajouri,33.274817,74.383227,2642.59,642415,243.1,5.27,51.6,100.2,0.0,0.0,0,0,0,0,0,0,0,0.0,280.7,164.0,110.3,6.3,2.24,0,0
DIST_IND_007,JAMMU AND KASHMIR,Kathua,32.575655,75.58487,2473.6,616435,249.21,15.83,69.6,300.7,0.0,1.0,0,0,0,0,0,1,1,0.0,294.6,188.9,96.0,9.7,3.29,3,0
DIST_IND_008,JAMMU AND KASHMIR,Baramula,34.155466,74.301615,2026.53,1008039,497.42,2.11,15.9,40.1,0.0,0.0,0,0,0,0,0,0,0,0.0,293.0,158.3,119.7,15.0,5.12,4,0
DIST_IND_009,JAMMU AND KASHMIR,Bandipore,34.493444,74.876934,2645.44,392232,148.27,1.67,10.8,31.8,0.0,0.0,0,0,0,0,0,0,0,0.0,291.0,143.7,129.5,17.9,6.15,0,0
DIST_IND_010,JAMMU AND KASHMIR,Srinagar,34.114662,74.821278,279.78,1236829,4420.72,1.03,8.8,19.6,0.0,0.0,0,0,0,0,0,0,0,0.0,295.5,202.3,82.89999999999999,10.5,3.55,23,0
DIST_IND_011,JAMMU AND KASHMIR,Ganderbal,34.263177,75.028522,1630.98,297446,182.37,,,,,,0,0,0,0,0,0,0,0.0,280.8,160.6,103.0,17.2,6.13,0,0
DIST_IND_012,JAMMU AND KASHMIR,Pulwama,33.939029,75.014375,899.34,560440,623.17,1.47,12.7,28.0,0.0,0.0,0,0,0,0,0,0,0,0.0,295.3,158.4,125.69999999999999,11.3,3.83,2,0
DIST_IND_013,JAMMU AND KASHMIR,Shupiyan,33.73426,74.819035,491.39,266215,541.76,1.07,9.8,20.3,0.0,0.0,0,0,0,0,0,0,0,0.0,294.1,181.8,97.9,14.399999999999999,4.9,0,0
DIST_IND_014,JAMMU AND KASHMIR,Anantnag,33.824697,75.318896,2772.44,1078692,389.08,2.45,15.6,46.6,0.0,0.0,0,0,0,0,0,0,0,0.0,291.5,173.3,106.30000000000001,11.8,4.05,4,0
DIST_IND_015,JAMMU AND KASHMIR,Kulgam,33.59847,74.844062,1172.8,424483,361.94,2.01,28.6,38.2,0.0,0.0,0,0,0,0,0,0,0,0.0,291.8,145.0,134.0,12.7,4.35,0,0
DIST_IND_016,JAMMU AND KASHMIR,Doda,33.09333,75.715788,2386.21,409936,171.79,1.66,11.2,31.5,0.0,0.0,0,0,0,0,0,0,0,0.0,284.4,147.3,131.4,5.8,2.04,1,0
DIST_IND_017,JAMMU AND KASHMIR,Ramban,33.311353,75.197877,1231.63,283713,230.36,2.7,17.7,51.3,0.0,0.0,0,0,0,0,0,0,0,0.0,262.8,158.39999999999998,98.8,5.6,2.13,0,0
DIST_IND_018,JAMMU AND KASHMIR,Kishtwar,33.549854,75.971949,8090.16,230696,28.52,,,,,,0,0,0,0,0,0,0,0.0,288.1,173.6,107.7,6.9,2.4,0,0
DIST_IND_019,JAMMU AND KASHMIR,Udhampur,32.896225,75.301096,2222.15,554985,249.75,15.24,56.0,289.6,0.0,0.0,0,0,0,0,0,0,0,0.0,290.6,190.3,95.0,5.4,1.86,3,0
DIST_IND_020,JAMMU AND KASHMIR,Reasi,33.232285,74.835537,2029.11,314667,155.08,,,,,,0,0,0,0,0,0,0,0.0,271.6,139.7,128.4,3.5,1.29,0,0
DIST_IND_021,JAMMU AND KASHMIR,Jammu,32.798473,74.751503,2304.04,1529958,664.03,7.31,46.2,138.8,0.0,0.0,0,0,0,0,0,0,0,0.0,295.5,193.39999999999998,89.8,12.2,4.13,51,0
DIST_IND_022,JAMMU AND KASHMIR,Samba,32.581386,75.090066,907.36,318898,351.46,10.24,85.0,194.5,0.0,1.0,0,0,0,0,0,1,2,0.0,297.9,214.60000000000002,76.0,7.2,2.42,0,0
DIST_IND_023,HIMACHAL PRADESH,Chamba,32.674047,76.349496,6388.89,519080,81.25,3.9,21.7,74.1,0.0,0.0,0,0,0,0,0,0,0,0.0,286.8,195.7,86.4,4.8,1.67,31,0
DIST_IND_024,HIMACHAL PRADESH,Kangra,32.108556,76.315611,5632.52,1510075,268.1,19.15,88.5,363.9,0.0,1.0,0,0,0,0,0,0,0,0.0,294.0,221.8,67.8,4.4,1.5,84,0
DIST_IND_025,HIMACHAL PRADESH,Lahul AND Spiti,32.479075,77.61576,13634.35,31564,2.32,0.25,3.5,4.7,0.0,0.0,0,0,0,0,0,0,0,0.0,197.4,129.0,66.8,1.6,0.81,12,0
DIST_IND_026,HIMACHAL PRADESH,Kullu,31.902052,77.399154,5379.32,437903,81.4,2.86,15.8,54.4,0.0,0.0,0,0,0,0,0,0,0,0.0,293.7,222.7,67.3,3.5,1.19,35,0
DIST_IND_027,HIMACHAL PRADESH,Mandi,31.63669,76.991862,3867.15,999777,258.53,12.75,50.1,242.2,0.0,0.0,0,0,0,0,0,0,0,0.0,292.9,218.5,70.5,3.8,1.3,58,0
DIST_IND_028,HIMACHAL PRADESH,Hamirpur,31.667048,76.525527,1092.46,454768,416.28,,,,,,0,0,0,0,0,0,0,0.0,293.3,232.4,58.3,2.5,0.85,29,0
DIST_IND_029,HIMACHAL PRADESH,Una,31.5793,76.209878,1511.11,521173,344.89,9.59,78.5,182.2,0.0,1.0,0,0,0,0,0,0,0,0.0,295.3,213.6,73.8,7.8999999999999995,2.68,34,0
DIST_IND_030,HIMACHAL PRADESH,Bilaspur,22.182742,82.11471,3439.29,381956,111.06,,,,,,0,0,0,0,0,197,622,30.0,290.9,219.3,68.2,3.4000000000000004,1.17,20,0
DIST_IND_031,HIMACHAL PRADESH,Solan,31.045232,76.909737,1890.34,580320,306.99,7.69,35.2,146.1,0.0,0.0,0,0,0,0,0,0,0,0.0,295.4,225.5,65.0,5.1,1.73,60,0
DIST_IND_032,HIMACHAL PRADESH,Sirmaur,30.666767,77.430744,2759.19,529855,192.03,13.75,45.8,261.3,0.0,0.0,0,0,0,0,0,1,1,0.0,295.29999999999995,210.5,78.5,6.2,2.1,25,0
DIST_IND_033,HIMACHAL PRADESH,Shimla,31.197431,77.631739,5006.63,814010,162.59,5.73,21.4,108.9,0.0,0.0,0,0,0,0,0,0,0,0.0,297.2,227.4,64.2,5.6,1.88,83,0
DIST_IND_034,HIMACHAL PRADESH,Kinnaur,31.595548,78.413884,6361.32,84121,13.22,1.43,9.4,27.1,0.0,0.0,0,0,0,0,0,0,0,0.0,198.8,138.8,58.0,2.0,1.01,14,0
DIST_IND_035,PUNJAB,Gurdaspur,31.916616,75.290991,2553.27,2298323,900.15,10.63,103.4,201.9,0.0,1.0,0,0,0,0,0,3,7,0.0,290.6,136.2,133.0,21.5,7.4,81,0
DIST_IND_036,PUNJAB,Kapurthala,31.354569,75.399884,1594.79,815168,511.14,0.0,0.0,0.0,0.0,0.0,0,0,0,0,0,4,14,0.0,291.5,168.6,107.8,15.3,5.25,14,0
DIST_IND_037,PUNJAB,Jalandhar,31.21262,75.565614,2580.25,2193590,850.15,0.71,5.2,13.4,0.0,0.0,0,0,0,0,0,5,14,0.0,291.2,152.2,122.89999999999999,16.1,5.53,135,0
DIST_IND_038,PUNJAB,Hoshiarpur,31.624983,75.858272,3311.0,1586625,479.2,4.99,52.4,94.8,0.0,0.0,0,0,0,0,0,3,6,0.0,293.7,164.3,112.2,17.1,5.82,39,0
DIST_IND_039,PUNJAB,Shahid Bhagat Singh Nagar,31.110269,76.154308,1234.94,612310,495.82,,,,,,0,0,0,0,0,1,1,0.0,288.4,161.2,110.3,16.8,5.83,0,0
DIST_IND_040,PUNJAB,Fatehgarh Sahib,30.642186,76.376448,1125.44,600163,533.27,1.15,8.9,21.9,0.0,0.0,0,0,0,0,0,1,1,0.0,274.5,157.4,101.7,15.600000000000001,5.68,84,0
DIST_IND_041,PUNJAB,Ludhiana,30.805511,75.832985,3600.32,3498739,971.79,1.22,5.7,23.2,0.0,0.0,0,0,0,0,0,4,14,0.0,284.3,145.7,121.5,17.0,5.98,211,0
DIST_IND_042,PUNJAB,Moga,30.763092,75.171921,2178.53,995746,457.07,1.27,24.2,24.2,0.0,0.0,0,0,0,0,0,5,24,0.0,289.7,150.3,118.6,20.9,7.21,35,0
DIST_IND_043,PUNJAB,Firozpur,30.950738,74.762748,1959.7,2029074,1035.4,0.77,13.5,14.6,0.0,0.0,0,0,0,0,0,6,25,0.0,289.4,127.5,134.9,26.9,9.3,53,0
DIST_IND_044,PUNJAB,Muktsar,30.29973,74.538443,2571.03,901896,350.79,0.2,3.5,3.8,0.0,0.0,0,0,0,0,0,11,43,0.0,290.2,123.4,137.3,29.5,10.17,30,0
DIST_IND_045,PUNJAB,Faridkot,30.61309,74.779044,1438.68,617508,429.22,0.05,1.0,1.0,0.0,0.0,0,0,0,0,0,7,29,0.0,289.9,136.2,130.4,23.3,8.04,34,0
DIST_IND_046,PUNJAB,Bathinda,30.183052,75.0405,3291.87,1388525,421.8,0.29,3.7,5.6,0.0,0.0,0,0,0,0,0,9,30,0.0,285.3,145.4,121.1,18.8,6.59,73,0
DIST_IND_047,PUNJAB,Mansa,29.906967,75.438696,2105.4,769751,365.61,0.73,13.8,13.8,0.0,0.0,0,0,0,0,0,9,32,0.0,290.4,150.5,120.0,19.8,6.82,15,0
DIST_IND_048,PUNJAB,Patiala,30.280441,76.34752,3195.9,1895686,593.16,1.46,11.7,27.8,0.0,0.0,0,0,0,0,0,3,3,0.0,283.9,153.3,114.1,16.5,5.81,39,0
DIST_IND_049,PUNJAB,Amritsar,31.705847,74.899275,2620.7,2490656,950.38,1.69,14.9,32.1,0.0,0.0,0,0,0,0,0,5,12,0.0,288.0,129.0,140.0,19.3,6.7,185,0
DIST_IND_050,PUNJAB,Tarn Taran,31.336744,74.84063,2362.46,1119627,473.92,0.18,2.2,3.5,0.0,0.0,0,0,0,0,0,6,17,0.0,291.1,119.9,148.4,22.8,7.83,2,0
DIST_IND_051,PUNJAB,Rupnagar,31.061877,76.487787,1341.99,684627,510.16,9.25,61.0,175.7,0.0,0.0,0,0,0,0,0,0,0,0.0,287.6,179.5,91.9,16.2,5.63,60,0
DIST_IND_052,PUNJAB,Sahibzada Ajit Singh Nagar,,,,994628,,1.69,8.1,32.2,0.0,0.0,0,0,0,0,0,0,0,0.0,287.9,178.2,94.0,15.8,5.49,0,0
DIST_IND_053,PUNJAB,Sangrur,30.211712,75.868835,3507.41,1655169,471.91,2.07,15.5,39.3,0.0,0.0,0,0,0,0,0,5,15,0.0,274.3,148.3,110.69999999999999,15.5,5.65,33,0
DIST_IND_054,PUNJAB,Barnala,30.387868,75.49858,1387.16,595527,429.31,0.78,7.2,14.8,0.0,0.0,0,0,0,0,0,8,24,0.0,274.1,131.5,124.9,17.7,6.46,36,0
DIST_IND_055,CHANDIGARH,Chandigarh,30.72935,76.780524,111.75,1055450,9444.74,9.64,59.0,183.2,0.0,0.0,0,0,0,0,0,1,1,0.0,294.2,186.60000000000002,98.5,9.0,3.06,60,0
DIST_IND_056,UTTARAKHAND,Uttarkashi,,,,330086,,6.82,27.1,129.5,0.0,0.0,0,0,0,0,0,0,0,0.0,291.1,217.5,67.0,6.6,2.27,2,0
DIST_IND_057,UTTARAKHAND,Chamoli,30.494947,79.57681,7618.34,391605,51.4,11.17,22.2,212.2,0.0,0.0,0,0,0,0,0,1,1,15.0,292.1,227.8,59.3,5.3,1.81,6,0
DIST_IND_058,UTTARAKHAND,Rudraprayag,,,,242285,,12.61,37.6,239.5,0.0,0.0,0,0,0,0,0,0,0,0.0,287.2,236.2,47.099999999999994,3.8,1.32,1,0
DIST_IND_059,UTTARAKHAND,Tehri Garhwal,30.436626,78.535347,3807.05,618931,162.57,,,,,,0,0,0,0,0,2,4,15.0,286.9,221.8,59.4,5.6,1.95,5,0
DIST_IND_060,UTTARAKHAND,Dehradun,30.471959,77.967863,3019.08,1696694,561.99,15.26,59.3,289.9,0.0,0.0,0,0,0,0,0,1,2,0.0,288.3,212.2,66.8,9.1,3.16,131,0
DIST_IND_061,UTTARAKHAND,Garhwal,29.879999,78.763798,5131.55,687271,133.93,8.95,25.5,170.0,0.0,0.0,0,0,0,0,0,3,13,15.0,290.9,226.3,60.2,4.3,1.48,14,0
DIST_IND_062,UTTARAKHAND,Pithoragarh,30.113698,80.345423,7034.3,483439,68.73,14.47,33.9,274.9,0.0,0.0,0,0,0,0,0,0,0,0.0,278.3,221.8,52.199999999999996,4.3,1.55,7,0
DIST_IND_063,UTTARAKHAND,Bageshwar,29.996414,79.858836,2173.11,259898,119.6,20.91,61.8,397.2,0.0,0.0,0,0,0,0,0,2,4,15.0,282.2,223.1,53.0,6.1000000000000005,2.16,3,0
DIST_IND_064,UTTARAKHAND,Almora,29.690761,79.504605,3056.82,622506,203.64,11.93,43.1,226.6,0.0,0.0,0,0,0,0,0,3,9,15.0,292.4,228.0,59.9,4.5,1.54,20,0
DIST_IND_065,UTTARAKHAND,Champawat,29.280832,80.069242,1712.85,259648,151.59,10.74,51.1,204.1,0.0,0.0,0,0,0,0,0,4,8,15.0,285.4,166.7,101.4,17.2,6.03,5,0
DIST_IND_066,UTTARAKHAND,Nainital,29.317443,79.4635,3869.87,954605,246.68,,,,,,0,0,0,0,0,5,16,15.0,287.6,201.2,74.4,11.9,4.14,33,0
DIST_IND_067,UTTARAKHAND,Udham Singh Nagar,,,,1648902,,16.43,45.2,312.1,0.0,0.0,0,0,0,0,0,0,0,0.0,283.6,149.1,118.5,16.0,5.64,89,0
DIST_IND_068,UTTARAKHAND,Hardwar,29.881408,77.996099,2225.54,1890422,849.42,12.84,35.4,244.0,0.0,0.0,0,0,0,0,0,3,15,15.0,284.3,167.3,105.8,11.1,3.9,74,0
DIST_IND_069,HARYANA,Panchkula,30.686042,76.9773,854.48,561293,656.88,17.55,74.4,333.5,0.0,1.0,0,0,0,0,0,0,0,0.0,284.6,190.8,79.9,13.799999999999999,4.85,64,0
DIST_IND_070,HARYANA,Ambala,30.328547,76.937618,1484.87,1128350,759.9,5.49,26.7,104.4,0.0,0.0,0,0,0,0,0,1,1,0.0,281.1,169.2,101.10000000000001,10.8,3.84,86,0
DIST_IND_071,HARYANA,Yamunanagar,30.234061,77.301801,1669.88,1214205,727.12,6.47,34.9,122.9,0.0,0.0,0,0,0,0,0,4,6,15.0,278.2,151.2,112.3,14.6,5.25,80,0
DIST_IND_072,HARYANA,Kurukshetra,30.038852,76.784484,1632.84,964655,590.78,1.59,12.5,30.3,0.0,0.0,0,0,0,0,0,1,2,0.0,288.2,165.3,111.5,11.399999999999999,3.96,50,0
DIST_IND_073,HARYANA,Kaithal,29.811466,76.4136,2213.92,1074304,485.25,1.5,13.6,28.5,0.0,0.0,0,0,0,0,0,6,10,20.0,256.1,134.1,109.9,12.1,4.72,22,0
DIST_IND_074,HARYANA,Karnal,29.689083,76.887612,2403.63,1505324,626.27,0.69,3.9,13.1,0.0,0.0,0,0,0,0,0,4,17,20.0,273.1,156.4,105.8,10.7,3.92,81,0
DIST_IND_075,HARYANA,Panipat,29.338265,76.928135,1265.55,1205437,952.5,1.26,6.2,23.9,0.0,0.0,0,0,0,0,0,8,31,20.0,264.8,141.9,113.19999999999999,9.600000000000001,3.63,89,0
DIST_IND_076,HARYANA,Sonipat,29.054129,76.878492,2086.87,1450001,694.82,2.99,28.3,56.8,0.0,0.0,0,0,0,0,0,12,44,20.0,266.6,142.2,113.2,11.2,4.2,78,0
DIST_IND_077,HARYANA,Jind,29.433477,76.30658,2674.84,1334152,498.78,0.48,8.2,9.1,0.0,0.0,0,0,0,0,0,11,29,20.0,240.39999999999998,128.1,102.4,9.8,4.08,36,0
DIST_IND_078,HARYANA,Fatehabad,29.568888,75.576742,2454.13,942011,383.85,2.01,12.1,38.1,0.0,0.0,0,0,0,0,0,10,33,0.0,269.9,145.6,109.5,15.0,5.56,33,0
DIST_IND_079,HARYANA,Sirsa,29.615569,74.900892,4148.07,1295189,312.24,0.11,1.5,2.1,0.0,0.0,0,0,0,0,0,13,57,0.0,274.2,156.2,103.5,14.5,5.29,68,0
DIST_IND_080,HARYANA,Hisar,29.2118,75.822359,3950.49,1743931,441.45,0.32,2.1,6.0,0.0,0.0,0,0,0,0,0,11,42,20.0,253.7,143.7,98.19999999999999,11.7,4.61,120,0
DIST_IND_081,HARYANA,Bhiwani,28.7783,75.890251,3205.95,1634445,509.82,0.02,0.3,0.3,0.0,0.0,0,0,0,0,0,13,58,20.0,274.5,141.1,119.6,13.8,5.03,59,0
DIST_IND_082,HARYANA,Rohtak,28.912148,76.530308,1616.22,1061204,656.6,1.41,9.6,26.8,0.0,0.0,0,0,0,0,0,14,56,20.0,265.4,149.0,106.6,10.0,3.77,76,0
DIST_IND_083,HARYANA,Jhajjar,28.601446,76.64213,1838.58,958405,521.27,1.58,15.4,30.0,0.0,0.0,0,0,0,0,0,20,74,20.0,274.8,144.9,116.8,13.100000000000001,4.77,22,0
DIST_IND_084,HARYANA,Mahendragarh,28.170996,76.138334,1868.65,922088,493.45,0.31,2.2,5.8,0.0,0.0,0,0,0,0,0,18,81,23.0,274.2,156.8,109.4,8.100000000000001,2.95,39,0
DIST_IND_085,HARYANA,Rewari,28.23569,76.541091,1462.63,900332,615.56,1.85,10.3,35.1,0.0,0.0,0,0,0,0,0,20,93,20.0,269.2,163.5,97.80000000000001,7.9,2.93,71,0
DIST_IND_086,HARYANA,Gurgaon,28.368627,76.940505,1217.7,1514432,1243.68,6.79,29.9,129.1,0.0,0.0,0,0,0,0,0,19,83,20.0,283.3,183.20000000000002,89.80000000000001,10.2,3.6,262,0
DIST_IND_087,HARYANA,Mewat,27.983831,77.050056,1448.19,1089263,752.15,5.87,42.9,111.6,0.0,0.0,0,0,0,0,0,27,109,15.0,287.70000000000005,117.19999999999999,149.1,21.4,7.44,10,0
DIST_IND_088,HARYANA,Faridabad,28.352205,77.342771,717.26,1809733,2523.12,4.94,37.9,93.8,0.0,0.0,0,0,0,0,0,24,80,20.0,284.1,160.6,114.5,9.2,3.24,281,0
DIST_IND_089,HARYANA,Palwal,28.062405,77.334709,1318.95,1042708,790.56,6.13,54.1,116.5,0.0,0.0,0,0,0,0,0,28,105,15.0,281.3,141.2,125.4,14.7,5.23,42,0
DIST_IND_090,NCT OF DELHI,North West,28.725234,77.043235,148.9,3656539,24557.01,5.3,32.8,100.7,0.0,0.0,0,0,0,0,0,14,58,20.0,288.8,167.1,110.9,10.8,3.74,0,0
DIST_IND_091,NCT OF DELHI,North,28.793516,77.107774,282.16,887978,3147.07,0.0,0.0,0.0,0.0,0.0,0,0,0,0,0,13,52,20.0,287.70000000000005,186.10000000000002,94.1,7.5,2.61,0,0
DIST_IND_092,NCT OF DELHI,North East,28.71754,77.253254,42.95,2241624,52191.48,7.44,55.0,141.3,0.0,0.0,0,0,0,0,0,14,58,20.0,282.3,175.4,100.5,6.4,2.27,0,0
DIST_IND_093,NCT OF DELHI,East,28.618399,77.294703,45.14,1709346,37867.66,4.43,28.4,84.1,0.0,0.0,0,0,0,0,0,19,65,20.0,289.0,232.29999999999998,51.8,4.7,1.63,0,0
DIST_IND_094,NCT OF DELHI,New Delhi,28.577384,77.147747,149.65,142004,948.91,9.79,49.5,186.0,0.0,0.0,0,0,0,0,0,16,61,20.0,196.0,133.8,55.2,7.2,3.67,0,0
DIST_IND_095,NCT OF DELHI,Central,28.693559,77.212231,78.21,582320,7445.6,9.23,102.2,175.4,0.0,1.0,0,0,0,0,0,15,58,20.0,192.2,111.0,74.8,6.2,3.23,0,0
DIST_IND_096,NCT OF DELHI,West,28.655431,77.063974,127.2,2543243,19994.05,10.85,69.0,206.2,0.0,1.0,0,0,0,0,0,16,62,20.0,288.6,180.4,101.0,7.2,2.49,0,0
DIST_IND_097,NCT OF DELHI,South West,28.576209,76.967514,273.46,2292958,8384.99,3.37,21.2,64.1,0.0,0.0,0,0,0,0,0,18,68,20.0,287.8,193.2,86.6,7.9,2.74,0,0
DIST_IND_098,NCT OF DELHI,South,28.483307,77.190883,157.25,2731929,17373.16,6.99,61.8,132.9,0.0,0.0,0,0,0,0,0,20,68,20.0,288.7,181.9,96.9,9.899999999999999,3.43,0,0
DIST_IND_099,RAJASTHAN,Ganganagar,29.403166,73.564234,10372.2,1969168,189.85,0.29,5.2,5.6,0.0,0.0,0,0,0,0,0,17,52,0.0,291.9,172.6,110.9,8.4,2.88,42,0
DIST_IND_100,RAJASTHAN,Hanumangarh,29.26204,74.546523,9623.52,1774692,184.41,0.0,0.0,0.0,0.0,0.0,0,0,0,0,0,15,58,0.0,292.4,182.1,102.2,8.0,2.74,14,0
DIST_IND_101,RAJASTHAN,Bikaner,28.177824,73.173792,29252.73,2363937,80.81,0.15,2.8,2.8,0.0,0.0,0,0,0,0,0,22,65,0.0,291.7,164.1,117.3,10.3,3.53,20,0
DIST_IND_102,RAJASTHAN,Churu,28.344586,74.695054,13421.74,2039547,151.96,0.62,8.9,11.8,0.0,0.0,0,0,0,0,0,23,68,25.0,294.2,176.9,104.5,12.8,4.35,10,0
DIST_IND_103,RAJASTHAN,Jhunjhunun,28.09196,75.550151,5717.75,2137045,373.76,0.06,1.2,1.2,0.0,0.0,0,0,0,0,0,18,64,25.0,295.7,216.3,73.1,6.3,2.13,19,0
DIST_IND_104,RAJASTHAN,Alwar,27.590386,76.601555,8106.49,3674179,453.24,7.24,36.2,137.5,0.0,0.0,0,0,0,0,0,28,109,0.0,292.5,181.6,102.7,8.2,2.8,86,0
DIST_IND_105,RAJASTHAN,Bharatpur,27.246455,77.277126,4892.58,2548462,520.88,8.27,49.8,157.1,0.0,0.0,0,0,0,0,0,49,165,15.0,288.9,135.1,142.7,11.0,3.81,27,0
DIST_IND_106,RAJASTHAN,Dhaulpur,26.680979,77.701646,2922.09,1206516,412.89,11.78,64.2,223.8,0.0,0.0,0,0,0,0,0,73,295,0.0,291.2,127.7,147.8,15.6,5.36,7,0
DIST_IND_107,RAJASTHAN,Karauli,26.522752,76.958298,4836.64,1458248,301.5,8.98,51.7,170.7,0.0,0.0,0,0,0,0,0,59,201,0.0,291.0,118.80000000000001,158.5,13.7,4.71,5,0
DIST_IND_108,RAJASTHAN,Sawai Madhopur,26.217236,76.46075,4838.07,1335551,276.05,,,,,,0,0,0,0,0,60,206,0.0,289.7,142.0,137.0,10.7,3.69,17,0
DIST_IND_109,RAJASTHAN,Dausa,26.857587,76.509189,3293.9,1634409,496.19,10.55,74.0,200.4,0.0,1.0,0,0,0,0,0,44,146,0.0,292.2,165.2,115.6,11.4,3.9,34,0
DIST_IND_110,RAJASTHAN,Jaipur,26.976403,75.718141,10739.84,6626178,616.97,3.97,29.4,75.5,0.0,0.0,0,0,0,0,0,40,120,0.0,292.0,183.8,100.4,7.8,2.67,408,0
DIST_IND_111,RAJASTHAN,Sikar,27.634285,75.288141,7448.51,2677333,359.45,0.71,6.0,13.5,0.0,0.0,0,0,0,0,0,24,64,25.0,293.8,200.3,86.6,6.9,2.35,29,0
DIST_IND_112,RAJASTHAN,Nagaur,27.066358,74.17495,17162.8,3307743,192.73,0.82,11.0,15.5,0.0,0.0,0,0,0,0,0,42,152,25.0,293.2,159.5,119.60000000000001,14.299999999999999,4.88,15,0
DIST_IND_113,RAJASTHAN,Jodhpur,26.747679,72.786791,21857.14,3687165,168.69,0.0,0.0,0.0,0.0,0.0,0,0,0,0,0,31,91,30.0,293.4,168.1,114.4,10.9,3.72,66,0
DIST_IND_114,RAJASTHAN,Jaisalmer,27.075412,70.900308,37060.76,669919,18.08,,,,,,0,0,0,0,0,13,41,28.0,296.5,139.6,149.1,7.800000000000001,2.63,3,0
DIST_IND_115,RAJASTHAN,Barmer,25.735449,71.474224,27321.53,2603751,95.3,0.0,0.0,0.0,0.0,0.0,0,0,0,0,0,28,110,28.0,295.3,138.6,143.9,12.799999999999999,4.33,7,0
DIST_IND_116,RAJASTHAN,Jalor,25.099667,72.21014,10237.22,1828730,178.64,0.0,0.0,0.0,0.0,0.0,0,0,0,0,0,35,137,30.0,293.4,136.4,136.6,20.2,6.88,6,0
DIST_IND_117,RAJASTHAN,Sirohi,24.761578,72.775901,4941.02,1036346,209.74,0.3,2.9,5.7,0.0,0.0,0,0,0,0,0,40,127,45.0,294.2,158.0,121.5,14.700000000000001,5.0,13,0
DIST_IND_118,RAJASTHAN,Pali,25.70655,73.517696,11916.34,2037573,170.99,0.07,1.3,1.4,0.0,0.0,0,0,0,0,0,39,122,25.0,292.2,152.7,126.9,12.6,4.31,21,0
DIST_IND_119,RAJASTHAN,Ajmer,26.233347,74.772515,8164.97,2583052,316.36,1.66,20.2,31.5,0.0,0.0,0,0,0,0,0,51,181,0.0,291.5,168.60000000000002,116.1,6.9,2.37,64,0
DIST_IND_120,RAJASTHAN,Tonk,26.148226,75.66597,6932.4,1421326,205.03,6.34,44.6,120.5,0.0,0.0,0,0,0,0,0,60,216,0.0,289.6,147.2,136.0,6.3,2.18,16,0
DIST_IND_121,RAJASTHAN,Bundi,25.48545,75.790417,5560.95,1110906,199.77,7.25,38.7,137.8,0.0,0.0,0,0,0,0,0,72,253,0.0,288.3,143.6,136.6,8.2,2.84,10,0
DIST_IND_122,RAJASTHAN,Bhilwara,25.481763,74.72658,10092.86,2408523,238.64,2.18,23.7,41.5,0.0,0.0,0,0,0,0,0,56,190,0.0,291.8,151.5,132.5,7.9,2.71,44,0
DIST_IND_123,RAJASTHAN,Rajsamand,25.228438,73.890522,4454.35,1156597,259.66,,,,,,0,0,0,0,0,41,125,30.0,291.9,150.4,132.8,8.7,2.98,11,0
DIST_IND_124,RAJASTHAN,Dungarpur,23.731433,73.854278,3643.79,1388552,381.07,0.04,0.2,0.7,0.0,0.0,0,0,0,0,0,43,109,45.0,284.6,131.70000000000002,139.1,13.6,4.78,8,0
DIST_IND_125,RAJASTHAN,Banswara,23.477973,74.364164,4307.16,1797485,417.32,0.8,11.7,15.2,0.0,0.0,0,0,0,0,0,44,104,0.0,277.5,114.80000000000001,144.1,18.7,6.74,11,0
DIST_IND_126,RAJASTHAN,Chittaurgarh,24.822816,74.77365,7503.84,1544338,205.81,2.43,29.5,46.1,0.0,0.0,0,0,0,0,0,59,180,0.0,290.5,155.0,127.0,8.5,2.93,13,0
DIST_IND_127,RAJASTHAN,Kota,25.109252,76.106608,4903.43,1951014,397.89,5.55,31.9,105.5,0.0,0.0,0,0,0,0,0,89,286,0.0,291.3,176.2,108.4,6.800000000000001,2.33,90,0
DIST_IND_128,RAJASTHAN,Baran,24.995025,76.748059,6714.41,1222755,182.11,6.88,49.8,130.8,0.0,0.0,0,0,0,0,0,98,311,0.0,289.2,152.6,129.0,7.8,2.7,4,0
DIST_IND_129,RAJASTHAN,Jhalawar,24.33613,76.192953,6096.59,1411129,231.46,8.14,43.5,154.6,0.0,0.0,0,0,0,0,0,81,272,0.0,283.7,137.0,136.9,9.8,3.45,12,0
DIST_IND_130,RAJASTHAN,Udaipur,24.418051,73.688985,11256.57,3068420,272.59,0.04,0.5,0.7,0.0,0.0,0,0,0,0,0,43,129,45.0,288.8,151.3,129.5,8.0,2.77,77,0
DIST_IND_131,RAJASTHAN,Pratapgarh,24.031532,74.651536,4260.14,867848,203.71,,,,,,0,0,0,0,0,53,137,0.0,280.6,137.2,137.5,5.9,2.1,0,0
DIST_IND_132,UTTAR PRADESH,Saharanpur,29.951115,77.546524,3615.16,3466382,958.85,,,,,,0,0,0,0,0,4,16,15.0,280.8,149.1,118.6,13.100000000000001,4.67,66,0
DIST_IND_133,UTTAR PRADESH,Muzaffarnagar,29.415842,77.725309,2656.21,4143512,1559.93,,,,,,0,0,0,0,0,8,27,20.0,273.6,137.8,124.6,11.2,4.09,70,0
DIST_IND_134,UTTAR PRADESH,Bijnor,29.386194,78.38889,4465.32,3682713,824.74,15.58,90.0,296.1,0.0,1.0,0,0,0,0,0,7,28,15.0,279.5,131.9,134.6,13.0,4.65,50,0
DIST_IND_135,UTTAR PRADESH,Moradabad,28.901074,78.778841,2188.02,4772006,2180.97,16.89,63.8,321.0,0.0,0.0,0,0,0,0,0,11,37,15.0,270.8,108.1,149.5,13.1,4.84,100,0
DIST_IND_136,UTTAR PRADESH,Rampur,28.809772,79.115057,2291.26,2335819,1019.45,10.32,32.6,196.1,0.0,0.0,0,0,0,0,0,11,32,15.0,284.0,105.1,164.0,14.899999999999999,5.25,13,0
DIST_IND_137,UTTAR PRADESH,Jyotiba Phule Nagar,28.811679,78.332567,2097.09,1840221,877.51,13.19,75.3,250.7,0.0,1.0,0,0,0,0,0,16,50,15.0,273.3,105.80000000000001,153.3,14.2,5.2,19,0
DIST_IND_138,UTTAR PRADESH,Meerut,29.039778,77.783451,2482.3,3443689,1387.3,9.26,67.8,175.9,0.0,1.0,0,0,0,0,0,11,40,20.0,261.1,143.8,109.3,8.2,3.14,169,0
DIST_IND_139,UTTAR PRADESH,Baghpat,29.056892,77.308511,1282.05,1303048,1016.38,5.45,24.7,103.5,0.0,0.0,0,0,0,0,0,12,44,20.0,253.89999999999998,120.7,124.80000000000001,8.3,3.27,23,0
DIST_IND_140,UTTAR PRADESH,Ghaziabad,28.767814,77.475924,882.19,4681645,5306.84,1.46,11.2,27.7,0.0,0.0,0,0,0,0,0,18,61,20.0,276.2,157.5,111.5,7.1,2.57,260,0
DIST_IND_141,UTTAR PRADESH,Gautam Buddha Nagar,28.411391,77.539566,1206.71,1648115,1365.79,,,,,,0,0,0,0,0,25,78,20.0,283.4,182.9,95.8,4.9,1.73,188,0
DIST_IND_142,UTTAR PRADESH,Bulandshahr,28.358084,77.999724,3566.68,3499171,981.07,,,,,,0,0,0,0,0,25,77,15.0,263.4,122.3,131.5,9.7,3.68,52,0
DIST_IND_143,UTTAR PRADESH,Aligarh,27.926575,78.065248,3585.24,3673889,1024.73,2.74,8.4,52.1,0.0,0.0,0,0,0,0,0,30,112,15.0,266.5,125.0,131.8,9.6,3.6,69,0
DIST_IND_144,UTTAR PRADESH,Mahamaya Nagar,27.581727,78.164253,1720.34,1564708,909.53,2.68,9.2,51.0,0.0,0.0,0,0,0,0,0,44,157,15.0,280.3,126.10000000000001,143.5,10.7,3.82,9,0
DIST_IND_145,UTTAR PRADESH,Mathura,27.59735,77.626063,3226.13,2547184,789.55,2.73,29.2,51.8,0.0,0.0,0,0,0,0,0,44,145,15.0,278.5,137.0,132.4,9.2,3.3,65,0
DIST_IND_146,UTTAR PRADESH,Agra,27.037206,78.078304,3888.5,4418797,1136.38,6.92,33.3,131.5,0.0,0.0,0,0,0,0,0,60,254,15.0,287.1,147.3,130.8,9.1,3.17,199,0
DIST_IND_147,UTTAR PRADESH,Firozabad,27.187204,78.526498,2333.88,2498156,1070.39,8.79,25.5,167.1,0.0,0.0,0,0,0,0,0,51,211,15.0,282.20000000000005,111.30000000000001,155.3,15.7,5.56,18,0
DIST_IND_148,UTTAR PRADESH,Mainpuri,27.182272,79.052086,2642.87,1868529,707.01,4.74,10.4,90.1,0.0,0.0,0,0,0,0,0,40,151,15.0,289.3,128.6,141.9,18.6,6.43,7,0
DIST_IND_149,UTTAR PRADESH,Budaun,28.078185,79.042688,4101.29,3681896,897.74,,,,,,0,0,0,0,0,21,72,15.0,273.2,89.9,162.9,20.4,7.47,22,0
DIST_IND_150,UTTAR PRADESH,Bareilly,28.457888,79.431449,3987.09,4448359,1115.69,9.68,23.6,184.0,0.0,0.0,0,0,0,0,0,9,36,0.0,277.3,107.9,152.6,16.7,6.02,107,0
DIST_IND_151,UTTAR PRADESH,Pilibhit,28.531127,79.994253,3634.04,2031007,558.88,,,,,,0,0,0,0,0,8,26,0.0,279.0,97.1,156.4,25.5,9.14,24,0
DIST_IND_152,UTTAR PRADESH,Shahjahanpur,27.951301,79.822274,4175.81,3006538,719.99,9.24,34.6,175.6,0.0,0.0,0,0,0,0,0,8,43,15.0,289.7,94.6,164.4,30.799999999999997,10.63,26,0
DIST_IND_153,UTTAR PRADESH,Kheri,28.120423,80.667698,7440.81,4021243,540.43,9.71,45.5,184.4,0.0,0.0,0,0,0,0,0,6,25,0.0,289.8,93.1,166.4,30.4,10.49,24,0
DIST_IND_154,UTTAR PRADESH,Sitapur,27.517127,80.852362,5540.29,4483992,809.34,10.58,54.5,201.0,0.0,0.0,0,0,0,0,0,11,50,15.0,290.0,98.8,159.3,32.0,11.03,16,0
DIST_IND_155,UTTAR PRADESH,Hardoi,27.330278,80.161931,5776.84,4092845,708.49,9.71,39.8,184.4,0.0,0.0,0,0,0,0,0,19,84,15.0,290.1,103.5,163.9,22.7,7.82,10,0
DIST_IND_156,UTTAR PRADESH,Unnao,26.609874,80.559852,4414.07,3108367,704.2,8.88,32.5,168.8,0.0,0.0,0,0,0,0,0,44,185,15.0,288.6,115.4,154.3,19.0,6.58,12,0
DIST_IND_157,UTTAR PRADESH,Lucknow,26.841895,80.905675,2438.62,4589838,1882.15,12.31,65.5,233.9,0.0,1.0,0,0,0,0,0,37,161,15.0,287.5,147.39999999999998,122.5,17.5,6.09,272,0
DIST_IND_158,UTTAR PRADESH,Rae Bareli,26.203841,81.190815,3781.21,3405559,900.65,,,,,,0,0,0,0,0,56,294,15.0,288.9,130.4,138.3,20.1,6.96,0,0
DIST_IND_159,UTTAR PRADESH,Farrukhabad,27.431298,79.4588,2104.56,1885204,895.77,6.67,27.3,126.8,0.0,0.0,0,0,0,0,0,24,95,15.0,288.9,111.8,156.4,20.7,7.17,18,0
DIST_IND_160,UTTAR PRADESH,Kannauj,27.013629,79.688754,2015.2,1656616,822.06,12.44,53.4,236.3,0.0,0.0,0,0,0,0,0,34,135,15.0,287.8,113.6,151.6,22.7,7.89,5,0
DIST_IND_161,UTTAR PRADESH,Etawah,26.763873,79.094981,2240.07,1581810,706.14,9.05,36.5,172.0,0.0,0.0,0,0,0,0,0,45,185,15.0,288.6,128.7,141.3,18.6,6.44,17,0
DIST_IND_162,UTTAR PRADESH,Auraiya,26.658106,79.479057,1944.77,1379545,709.36,8.4,28.3,159.6,0.0,0.0,0,0,0,0,0,54,185,15.0,286.5,124.6,141.0,20.9,7.29,8,0
DIST_IND_163,UTTAR PRADESH,Kanpur Dehat,26.439517,79.852932,3041.32,1796184,590.59,4.04,15.2,76.8,0.0,0.0,0,0,0,0,0,56,220,15.0,285.8,118.4,145.5,21.9,7.66,14,0
DIST_IND_164,UTTAR PRADESH,Kanpur Nagar,26.388832,80.208783,2876.7,4581268,1592.54,,,,,,0,0,0,0,0,56,217,15.0,286.5,132.7,137.1,16.8,5.86,175,0
DIST_IND_165,UTTAR PRADESH,Jalaun,26.091203,79.385882,4393.81,1689974,384.63,16.43,78.8,312.1,0.0,1.0,0,0,0,0,0,90,314,0.0,284.3,131.5,143.7,9.2,3.24,13,0
DIST_IND_166,UTTAR PRADESH,Jhansi,25.507626,78.950569,4845.42,1998603,412.47,13.06,50.8,248.1,0.0,0.0,0,0,0,0,0,113,466,0.0,286.8,165.1,116.2,5.6,1.95,34,0
DIST_IND_167,UTTAR PRADESH,Lalitpur,24.653161,78.562221,4851.6,1221592,251.79,21.0,79.2,399.0,0.0,1.0,0,0,0,0,0,146,560,0.0,285.4,144.4,133.3,7.800000000000001,2.73,7,0
DIST_IND_168,UTTAR PRADESH,Hamirpur,31.667048,76.525527,1092.46,1104285,1010.82,22.27,87.3,423.1,0.0,1.0,0,0,0,0,0,0,0,0.0,282.2,150.0,127.80000000000001,4.5,1.59,11,0
DIST_IND_169,UTTAR PRADESH,Mahoba,25.361369,79.722751,3118.13,875958,280.92,27.41,131.6,520.8,0.0,3.0,0,0,0,0,0,121,517,0.0,286.6,138.6,143.3,4.7,1.64,2,0
DIST_IND_170,UTTAR PRADESH,Banda,25.474665,80.555844,4228.43,1799410,425.55,33.63,97.7,639.0,0.0,5.0,0,0,0,0,0,113,477,0.0,280.9,148.4,128.8,3.7,1.32,12,0
DIST_IND_171,UTTAR PRADESH,Chitrakoot,25.205635,81.070479,3125.9,991730,317.26,27.92,92.2,530.4,0.0,2.0,0,0,0,0,0,132,581,0.0,280.6,132.2,142.3,6.1,2.17,2,0
DIST_IND_172,UTTAR PRADESH,Fatehpur,25.874957,80.808153,4012.84,2632733,656.08,20.31,56.2,385.8,0.0,0.0,0,0,0,0,0,85,380,15.0,287.0,124.0,147.8,15.100000000000001,5.26,20,0
DIST_IND_173,UTTAR PRADESH,Pratapgarh,24.031532,74.651536,4260.14,3209141,753.29,18.47,60.0,351.0,0.0,0.0,0,0,0,0,0,53,137,0.0,286.1,156.6,114.3,15.2,5.31,24,0
DIST_IND_174,UTTAR PRADESH,Kaushambi,25.497399,81.41789,1735.04,1599596,921.94,7.61,25.3,144.6,0.0,0.0,0,0,0,0,0,101,495,15.0,281.6,124.5,144.3,12.8,4.55,7,0
DIST_IND_175,UTTAR PRADESH,Allahabad,25.30361,81.960711,5252.37,5954391,1133.66,17.58,60.2,334.1,0.0,0.0,0,0,0,0,0,107,552,20.0,285.2,156.5,117.5,11.2,3.93,145,0
DIST_IND_176,UTTAR PRADESH,Bara Banki,26.93865,81.332249,3699.39,3260699,881.42,9.94,34.3,188.9,0.0,0.0,0,0,0,0,0,29,119,15.0,289.2,122.2,135.3,31.6,10.93,25,0
DIST_IND_177,UTTAR PRADESH,Faizabad,26.657562,82.000535,2611.23,2470996,946.3,10.88,40.4,206.8,0.0,0.0,0,0,0,0,0,28,121,15.0,283.8,131.8,130.0,22.3,7.86,23,0
DIST_IND_178,UTTAR PRADESH,Ambedkar Nagar,26.418908,82.666875,2236.76,2397888,1072.04,,,,,,0,0,0,0,0,26,92,0.0,279.8,126.6,124.9,28.2,10.08,24,0
DIST_IND_179,UTTAR PRADESH,Sultanpur,26.262064,82.194629,2581.04,3797117,1471.16,13.26,77.1,252.0,0.0,1.0,0,0,0,0,0,47,207,15.0,285.3,142.0,122.4,20.8,7.29,34,0
DIST_IND_180,UTTAR PRADESH,Bahraich,27.697405,81.493626,4760.73,3487731,732.6,15.37,79.4,292.0,0.0,1.0,0,0,0,0,0,7,13,0.0,288.3,107.9,158.1,22.1,7.67,10,0
DIST_IND_181,UTTAR PRADESH,Shrawasti,27.718938,81.90244,1871.62,1117361,597.0,8.76,34.5,166.5,0.0,0.0,0,0,0,0,0,4,9,0.0,279.4,115.5,141.1,22.8,8.16,4,0
DIST_IND_182,UTTAR PRADESH,Balrampur,23.592732,83.501154,6021.8,2148665,356.81,,,,,,0,0,0,0,0,222,744,25.0,280.0,120.69999999999999,142.9,16.5,5.89,10,0
DIST_IND_183,UTTAR PRADESH,Gonda,27.083368,82.024424,3846.58,3433919,892.72,11.63,54.5,220.9,0.0,0.0,0,0,0,0,0,13,36,0.0,286.1,132.2,127.9,26.099999999999998,9.12,14,0
DIST_IND_184,UTTAR PRADESH,Siddharthnagar,27.269694,82.873738,2799.39,2559297,914.23,4.81,32.5,91.3,0.0,0.0,0,0,0,0,0,3,10,0.0,283.4,147.4,117.9,17.8,6.28,9,0
DIST_IND_185,UTTAR PRADESH,Basti,26.820213,82.628415,2676.35,2464464,920.83,10.17,60.6,193.2,0.0,0.0,0,0,0,0,0,11,39,0.0,282.2,147.3,109.0,25.799999999999997,9.14,14,0
DIST_IND_186,UTTAR PRADESH,Sant Kabir Nagar,,,,1715183,,,,,,,0,0,0,0,0,0,0,0.0,284.1,140.0,118.2,25.799999999999997,9.08,7,0
DIST_IND_187,UTTAR PRADESH,Mahrajganj,27.200507,83.53048,2840.1,2684703,945.28,6.05,37.6,114.9,0.0,0.0,0,0,0,0,0,1,2,0.0,283.5,127.1,133.8,22.5,7.94,8,0
DIST_IND_188,UTTAR PRADESH,Gorakhpur,26.655774,83.359317,3206.47,4440895,1384.98,4.79,18.5,91.1,0.0,0.0,0,0,0,0,0,9,34,0.0,287.9,151.0,117.1,19.9,6.91,106,0
DIST_IND_189,UTTAR PRADESH,Kushinagar,,,,3564544,,1.55,8.5,29.5,0.0,0.0,0,0,0,0,0,0,0,0.0,285.3,116.4,143.3,25.6,8.97,15,0
DIST_IND_190,UTTAR PRADESH,Deoria,26.420613,83.833987,2441.46,3100946,1270.12,1.32,4.5,25.0,0.0,0.0,0,0,0,0,0,9,47,0.0,286.3,143.5,119.89999999999999,22.9,8.0,21,0
DIST_IND_191,UTTAR PRADESH,Azamgarh,26.045362,83.067294,4057.58,4613913,1137.11,13.06,81.4,248.2,0.0,1.0,0,0,0,0,0,30,121,0.0,272.7,132.0,119.3,21.5,7.88,48,0
DIST_IND_192,UTTAR PRADESH,Mau,26.04519,83.558224,1648.38,2205968,1338.26,6.11,28.5,116.0,0.0,0.0,0,0,0,0,0,25,105,0.0,262.4,119.4,118.7,24.3,9.26,13,0
DIST_IND_193,UTTAR PRADESH,Ballia,25.876159,84.10291,2880.83,3239774,1124.6,6.65,33.5,126.4,0.0,0.0,0,0,0,0,0,27,133,0.0,288.5,129.8,124.9,33.6,11.65,12,0
DIST_IND_194,UTTAR PRADESH,Jaunpur,25.746211,82.575068,3882.28,4494204,1157.62,5.97,24.4,113.5,0.0,0.0,0,0,0,0,0,56,290,20.0,283.2,136.0,129.1,18.0,6.36,56,0
DIST_IND_195,UTTAR PRADESH,Ghazipur,25.62393,83.555517,3251.88,3620268,1113.28,,,,,,0,0,0,0,0,44,219,0.0,281.8,123.8,131.1,26.9,9.55,9,0
DIST_IND_196,UTTAR PRADESH,Chandauli,25.140894,83.258414,2448.71,1952756,797.46,12.92,73.5,245.5,0.0,1.0,0,0,0,0,0,77,379,23.0,282.0,139.3,125.4,17.4,6.17,20,0
DIST_IND_197,UTTAR PRADESH,Varanasi,25.388042,82.91429,1478.66,3676841,2486.6,21.56,123.9,409.7,0.0,1.0,0,0,0,0,0,73,361,20.0,273.6,145.6,113.3,14.8,5.41,169,0
DIST_IND_198,UTTAR PRADESH,Sant Ravidas Nagar (Bhadohi),25.347915,82.464167,976.42,1578213,1616.33,4.77,19.2,90.7,0.0,0.0,0,0,0,0,0,88,443,20.0,282.70000000000005,133.7,131.5,17.5,6.19,25,0
DIST_IND_199,UTTAR PRADESH,Mirzapur,24.986634,82.60714,4247.25,2496970,587.9,12.02,70.0,228.3,0.0,1.0,0,0,0,0,0,112,501,23.0,282.4,135.4,134.6,12.6,4.46,16,0
DIST_IND_200,UTTAR PRADESH,Sonbhadra,24.407504,83.052046,6619.25,1862559,281.39,14.98,69.5,284.6,0.0,1.0,0,0,0,0,0,158,599,25.0,288.2,143.0,136.8,8.5,2.95,14,0
DIST_IND_201,UTTAR PRADESH,Etah,27.515756,78.717469,2338.7,1774480,758.75,8.59,42.0,163.3,0.0,0.0,0,0,0,0,0,38,137,15.0,285.9,122.69999999999999,147.4,16.0,5.6,16,0
DIST_IND_202,UTTAR PRADESH,Kanshiram Nagar,27.774543,78.845599,1903.03,1436719,754.96,5.19,21.7,98.6,0.0,0.0,0,0,0,0,0,28,97,15.0,287.3,103.0,163.7,20.5,7.14,0,0
DIST_IND_203,BIHAR,Pashchim Champaran,27.079863,84.339241,5040.42,3935042,780.7,,,,,,0,0,0,0,0,2,9,0.0,288.9,101.1,170.8,16.9,5.85,0,0
DIST_IND_204,BIHAR,Purba Champaran,26.618248,84.922202,3825.64,5099371,1332.95,3.67,16.5,69.7,0.0,0.0,0,0,0,0,0,11,30,0.0,293.1,125.8,150.7,16.6,5.66,44,0
DIST_IND_205,BIHAR,Sheohar,26.49763,85.30151,425.67,656246,1541.68,1.5,7.6,28.5,0.0,0.0,0,0,0,0,0,15,42,0.0,291.1,117.4,159.0,14.7,5.05,5,0
DIST_IND_206,BIHAR,Sitamarhi,26.585041,85.552183,2109.85,3423574,1622.66,2.45,13.0,46.5,0.0,0.0,0,0,0,0,0,14,34,20.0,286.9,117.7,151.2,18.1,6.31,18,0
DIST_IND_207,BIHAR,Madhubani,26.402282,86.221817,3374.21,4487379,1329.91,,,,,,0,0,0,0,0,9,32,20.0,275.6,130.1,130.2,15.3,5.55,19,0
DIST_IND_208,BIHAR,Supaul,26.244774,86.807984,2329.94,2229076,956.71,4.84,16.6,92.0,0.0,0.0,0,0,0,0,0,8,40,20.0,284.4,101.2,166.4,16.9,5.94,9,0
DIST_IND_209,BIHAR,Araria,26.198233,87.362189,2696.21,2811569,1042.79,,,,,,0,0,0,0,0,9,35,15.0,291.8,107.2,171.2,13.5,4.63,11,0
DIST_IND_210,BIHAR,Kishanganj,26.295935,87.939126,1905.89,1690400,886.93,5.87,18.7,111.5,0.0,0.0,0,0,0,0,0,9,31,23.0,294.6,112.8,166.8,15.1,5.13,17,0
DIST_IND_211,BIHAR,Purnia,25.814739,87.403632,3100.69,3264619,1052.87,6.37,22.4,121.0,0.0,0.0,0,0,0,0,0,19,53,15.0,293.2,102.8,170.6,19.9,6.79,33,0
DIST_IND_212,BIHAR,Katihar,25.546328,87.641674,2953.17,3071029,1039.91,7.41,24.6,140.7,0.0,0.0,0,0,0,0,0,29,87,30.0,293.8,115.3,161.6,16.9,5.75,27,0
DIST_IND_213,BIHAR,Madhepura,25.821782,86.897806,1733.7,2001762,1154.62,6.87,24.0,130.5,0.0,0.0,0,0,0,0,0,18,66,20.0,288.9,101.2,167.1,20.6,7.13,10,0
DIST_IND_214,BIHAR,Saharsa,25.81398,86.590743,1602.86,1900661,1185.79,4.35,15.8,82.7,0.0,0.0,0,0,0,0,0,17,67,20.0,290.5,105.4,165.1,20.1,6.92,19,0
DIST_IND_215,BIHAR,Darbhanga,26.084534,86.055575,2414.93,3937385,1630.43,,,,,,0,0,0,0,0,18,70,25.0,288.3,125.6,138.4,24.3,8.43,42,0
DIST_IND_216,BIHAR,Muzaffarpur,26.152305,85.329214,3060.04,4801062,1568.95,2.3,8.1,43.7,0.0,0.0,0,0,0,0,0,25,93,25.0,290.0,117.8,149.3,23.0,7.93,41,0
DIST_IND_217,BIHAR,Gopalganj,26.444166,84.374385,1964.22,2562012,1304.34,4.06,21.7,77.1,0.0,0.0,0,0,0,0,0,12,54,0.0,291.4,128.6,141.2,21.6,7.41,11,0
DIST_IND_218,BIHAR,Siwan,26.161441,84.386512,2135.46,3330464,1559.6,5.68,30.5,108.0,0.0,0.0,0,0,0,0,0,23,100,0.0,290.0,145.2,122.9,21.9,7.55,20,0
DIST_IND_219,BIHAR,Saran,25.904913,84.827646,2556.56,3951862,1545.77,3.49,26.2,66.3,0.0,0.0,0,0,0,0,0,35,154,25.0,291.9,127.4,139.7,24.8,8.5,20,0
DIST_IND_220,BIHAR,Vaishali,25.768012,85.366901,1910.54,3495021,1829.34,3.44,9.7,65.3,0.0,0.0,0,0,0,0,0,37,151,25.0,292.9,104.0,154.4,34.4,11.74,43,0
DIST_IND_221,BIHAR,Samastipur,25.773944,85.86538,2582.6,4261566,1650.11,3.47,13.7,65.9,0.0,0.0,0,0,0,0,0,29,122,25.0,290.1,113.9,151.1,25.0,8.62,22,0
DIST_IND_222,BIHAR,Begusarai,25.496694,86.129865,1848.49,2970541,1607.01,6.28,30.6,119.3,0.0,0.0,0,0,0,0,0,33,140,25.0,292.0,108.7,151.3,32.1,10.99,45,0
DIST_IND_223,BIHAR,Khagaria,25.510943,86.601623,1436.46,1666886,1160.41,8.47,30.9,161.0,0.0,0.0,0,0,0,0,0,25,95,20.0,289.0,104.9,159.6,24.5,8.48,8,0
DIST_IND_224,BIHAR,Bhagalpur,25.26938,87.082764,2459.43,3037766,1235.15,6.41,25.3,121.7,0.0,0.0,0,0,0,0,0,35,126,15.0,287.9,111.9,151.6,24.5,8.51,38,0
DIST_IND_225,BIHAR,Banka,24.854186,86.837552,2914.8,2034763,698.08,8.61,34.7,163.6,0.0,0.0,0,0,0,0,0,51,195,0.0,286.3,108.3,159.9,18.0,6.29,10,0
DIST_IND_226,BIHAR,Munger,25.209977,86.525811,1356.94,1367765,1007.98,9.14,26.9,173.6,0.0,0.0,0,0,0,0,0,34,136,25.0,288.2,121.3,145.3,21.6,7.49,17,0
DIST_IND_227,BIHAR,Lakhisarai,25.161954,86.136969,1170.7,1000912,854.97,8.61,36.9,163.5,0.0,0.0,0,0,0,0,0,44,201,25.0,286.8,101.19999999999999,162.2,23.299999999999997,8.12,11,0
DIST_IND_228,BIHAR,Sheikhpura,25.125984,85.838954,663.27,636342,959.4,6.13,34.8,116.4,0.0,0.0,0,0,0,0,0,49,241,25.0,288.0,106.2,156.7,25.1,8.72,14,0
DIST_IND_229,BIHAR,Nalanda,25.218496,85.447983,2263.91,2877653,1271.1,7.37,27.6,140.0,0.0,0.0,0,0,0,0,0,55,266,25.0,284.5,110.5,149.4,24.6,8.65,50,0
DIST_IND_230,BIHAR,Patna,25.455712,85.227588,3097.32,5838465,1885.01,6.14,24.1,116.7,0.0,0.0,0,0,0,0,0,50,234,25.0,285.1,136.1,128.3,20.799999999999997,7.3,248,0
DIST_IND_231,BIHAR,Bhojpur,25.473318,84.543542,2322.35,2728407,1174.85,8.99,37.9,170.9,0.0,0.0,0,0,0,0,0,58,249,25.0,280.4,112.8,143.6,24.2,8.63,9,0
DIST_IND_232,BIHAR,Buxar,25.491033,84.09867,1634.09,1706352,1044.22,11.89,37.1,225.9,0.0,0.0,0,0,0,0,0,45,222,20.0,279.6,111.0,141.0,27.6,9.87,11,0
DIST_IND_233,BIHAR,Kaimur (Bhabua),24.989154,83.603283,3209.75,1626384,506.7,,,,,,0,0,0,0,0,81,350,25.0,282.6,120.5,145.5,16.7,5.91,15,0
DIST_IND_234,BIHAR,Rohtas,24.981697,84.024403,3726.41,2959918,794.31,10.86,36.1,206.3,0.0,0.0,0,0,0,0,0,81,368,20.0,280.3,118.9,144.0,17.5,6.24,16,0
DIST_IND_235,BIHAR,Aurangabad,24.790781,84.408533,3179.16,2540073,798.98,18.42,69.0,350.0,0.0,1.0,0,0,0,0,0,106,446,25.0,284.4,120.19999999999999,146.6,17.6,6.19,11,0
DIST_IND_236,BIHAR,Gaya,24.696328,84.933647,4781.36,4391418,918.45,10.94,39.8,207.9,0.0,0.0,0,0,0,0,0,106,487,25.0,282.3,114.9,148.2,19.1,6.77,44,0
DIST_IND_237,BIHAR,Nawada,24.810905,85.589828,2396.74,2219146,925.9,8.28,46.5,157.4,0.0,0.0,0,0,0,0,0,75,370,25.0,286.2,105.2,155.0,25.8,9.01,26,0
DIST_IND_238,BIHAR,Jamui,24.78451,86.293203,2981.61,1760405,590.42,8.22,29.4,156.2,0.0,0.0,0,0,0,0,0,62,247,25.0,287.9,94.1,169.9,23.9,8.3,10,0
DIST_IND_239,BIHAR,Jehanabad,25.155099,85.01688,902.42,1125313,1246.99,,,,,,0,0,0,0,0,71,336,25.0,281.6,109.5,148.9,23.2,8.24,8,0
DIST_IND_240,BIHAR,Arwal,25.163129,84.677597,612.9,700843,1143.49,9.59,35.2,182.3,0.0,0.0,0,0,0,0,0,73,350,25.0,276.7,95.7,161.2,19.7,7.12,4,0
DIST_IND_241,SIKKIM,North  District,,,,43709,,,,,,,0,0,0,0,0,0,0,0.0,285.4,172.0,104.7,8.6,3.01,0,0
DIST_IND_242,SIKKIM,West District,,,,136435,,,,,,,0,0,0,0,0,0,0,0.0,285.7,150.1,113.7,21.7,7.6,0,0
DIST_IND_243,SIKKIM,South District,,,,146850,,,,,,,0,0,0,0,0,0,0,0.0,292.1,180.9,99.3,11.9,4.07,0,0
DIST_IND_244,SIKKIM,East District,,,,283583,,,,,,,0,0,0,0,0,0,0,0.0,288.7,186.79999999999998,88.1,13.8,4.78,2,0
DIST_IND_245,ARUNACHAL PRADESH,Tawang,27.662316,91.965068,2371.66,49977,21.07,2.59,12.6,49.3,0.0,0.0,0,0,0,0,0,0,0,0.0,286.7,166.2,112.4,8.2,2.86,1,0
DIST_IND_246,ARUNACHAL PRADESH,West Kameng,27.291731,92.392971,4742.69,83947,17.7,6.43,18.4,122.2,0.0,0.0,0,0,0,0,0,0,0,0.0,286.9,146.9,132.2,7.8,2.72,0,0
DIST_IND_247,ARUNACHAL PRADESH,East Kameng,27.587706,92.917777,4258.33,78690,18.48,8.47,43.4,161.0,0.0,0.0,0,0,0,0,0,0,0,0.0,293.9,128.3,158.1,7.4,2.52,0,0
DIST_IND_248,ARUNACHAL PRADESH,Papum Pare,27.270115,93.596194,3324.54,176573,53.11,10.34,55.1,196.5,0.0,0.0,0,0,0,0,0,0,0,0.0,290.2,170.2,109.1,11.0,3.79,4,0
DIST_IND_249,ARUNACHAL PRADESH,Upper Subansiri,28.290437,93.929369,6257.78,83448,13.34,2.74,20.2,52.0,0.0,0.0,0,0,0,0,0,0,0,0.0,294.8,131.6,157.3,6.0,2.04,1,0
DIST_IND_250,ARUNACHAL PRADESH,West Siang,28.15838,94.619965,1289.32,112274,87.08,2.69,21.2,51.2,0.0,0.0,0,0,0,0,0,0,0,0.0,290.3,179.8,106.6,4.0,1.38,0,0
DIST_IND_251,ARUNACHAL PRADESH,East Siang,28.050087,95.350415,1680.36,99214,59.04,10.81,66.8,205.3,0.0,1.0,0,0,0,0,0,0,0,0.0,289.0,164.9,116.0,8.2,2.84,2,0
DIST_IND_252,ARUNACHAL PRADESH,Upper Siang,28.832844,94.915962,6489.9,35320,5.44,5.32,24.7,101.0,0.0,0.0,0,0,0,0,0,0,0,0.0,291.0,182.9,106.1,1.9,0.65,0,0
DIST_IND_253,ARUNACHAL PRADESH,Changlang,27.362435,96.339205,4871.86,148226,30.42,12.6,95.0,239.4,0.0,2.0,0,0,0,0,0,2,2,58.0,290.6,153.9,132.6,4.0,1.38,0,0
DIST_IND_254,ARUNACHAL PRADESH,Tirap,27.023707,95.528362,1057.28,111975,105.91,5.08,21.0,96.5,0.0,0.0,0,0,0,0,0,2,3,58.0,294.6,157.9,133.1,3.6,1.22,0,0
DIST_IND_255,ARUNACHAL PRADESH,Lower Subansiri,27.530934,93.764107,1451.01,83030,57.22,3.22,27.2,61.1,0.0,0.0,0,0,0,0,0,0,0,0.0,291.8,189.6,98.60000000000001,3.5,1.2,2,0
DIST_IND_256,ARUNACHAL PRADESH,Kurung Kumey,28.003551,93.206578,4287.15,92076,21.48,5.28,36.5,100.3,0.0,0.0,0,0,0,0,0,0,0,0.0,295.9,128.9,137.2,29.9,10.1,0,0
DIST_IND_257,ARUNACHAL PRADESH,Dibang Valley,28.871037,95.904447,9169.78,8004,0.87,0.0,0.0,0.0,0.0,0.0,0,0,0,0,0,0,0,0.0,294.9,129.2,146.5,19.2,6.51,0,0
DIST_IND_258,ARUNACHAL PRADESH,Lower Dibang Valley,28.262634,95.842036,3598.15,54080,15.03,0.0,0.0,0.0,0.0,0.0,0,0,0,0,0,0,0,0.0,285.3,146.1,129.2,10.1,3.54,0,0
DIST_IND_259,ARUNACHAL PRADESH,Lohit,27.901504,96.315802,2729.72,145726,53.38,7.25,41.8,137.7,0.0,0.0,0,0,0,0,0,0,0,0.0,290.9,127.69999999999999,148.4,14.8,5.09,0,0
DIST_IND_260,ARUNACHAL PRADESH,Anjaw,28.07518,96.84196,5943.45,21167,3.56,2.19,15.1,41.6,0.0,0.0,0,0,0,0,0,1,1,50.0,291.0,110.8,168.4,11.8,4.05,0,0
DIST_IND_261,NAGALAND,Mon,26.677646,95.016672,2097.92,250260,119.29,14.75,54.3,280.3,0.0,0.0,0,0,0,0,0,2,2,28.0,296.4,114.7,172.9,8.9,3.0,0,0
DIST_IND_262,NAGALAND,Mokokchung,26.472204,94.528872,1545.21,194622,125.95,15.55,55.2,295.4,0.0,0.0,0,0,0,0,0,2,3,30.0,296.6,195.2,99.5,1.7999999999999998,0.61,2,0
DIST_IND_263,NAGALAND,Zunheboto,25.999653,94.483874,1516.33,140757,92.83,15.66,62.5,297.5,0.0,0.0,0,0,0,0,0,4,6,65.0,295.6,170.7,121.69999999999999,3.3,1.12,1,0
DIST_IND_264,NAGALAND,Wokha,26.19125,94.194264,1529.14,166343,108.78,14.67,62.4,278.8,0.0,0.0,0,0,0,0,0,4,5,65.0,298.1,177.4,118.69999999999999,2.1,0.7,1,0
DIST_IND_265,NAGALAND,Dimapur,25.784142,93.798454,844.9,378811,448.35,12.21,51.0,231.9,0.0,0.0,0,0,0,0,0,7,12,65.0,294.6,170.4,116.4,7.800000000000001,2.65,5,0
DIST_IND_266,NAGALAND,Phek,25.647253,94.534565,1801.58,163418,90.71,10.65,45.6,202.4,0.0,0.0,0,0,0,0,0,4,5,65.0,296.8,147.7,144.3,4.9,1.65,0,0
DIST_IND_267,NAGALAND,Tuensang,26.166634,94.887666,2053.53,196596,95.74,0.0,0.0,0.0,0.0,0.0,0,0,0,0,0,4,5,65.0,296.8,125.0,162.0,9.8,3.3,1,0
DIST_IND_268,NAGALAND,Longleng,26.552023,94.795559,564.21,50484,89.48,0.0,0.0,0.0,0.0,0.0,0,0,0,0,0,2,3,30.0,298.6,93.2,194.9,10.5,3.52,0,0
DIST_IND_269,NAGALAND,Kiphire,25.842726,94.821848,1087.32,74004,68.06,8.47,25.1,160.9,0.0,0.0,0,0,0,0,0,4,5,65.0,293.5,157.3,134.1,2.1,0.72,0,0
DIST_IND_270,NAGALAND,Kohima,25.764207,94.106375,1275.1,267988,210.17,11.36,42.2,215.9,0.0,0.0,0,0,0,0,0,4,6,65.0,295.4,195.3,96.5,3.7,1.25,4,0
DIST_IND_271,NAGALAND,Peren,25.497702,93.613437,1656.24,95219,57.49,10.0,44.0,190.0,0.0,0.0,0,0,0,0,0,8,14,35.0,296.6,125.6,166.9,4.1,1.38,0,0
DIST_IND_272,MANIPUR,Senapati,25.39757,94.126113,1678.26,479148,285.5,5.03,30.2,95.5,0.0,0.0,0,0,0,0,0,5,8,65.0,293.0,108.2,178.8,6.0,2.05,0,0
DIST_IND_273,MANIPUR,Tamenglong,25.049118,93.545164,2925.57,140651,48.08,7.31,30.6,138.8,0.0,0.0,0,0,0,0,0,13,19,78.0,295.3,103.0,165.1,27.3,9.24,0,0
DIST_IND_274,MANIPUR,Churachandpur,24.278964,93.603926,2365.19,274143,115.91,1.08,8.0,20.5,0.0,0.0,0,0,0,0,0,15,27,98.0,290.5,129.1,154.6,6.8999999999999995,2.38,2,0
DIST_IND_275,MANIPUR,Bishnupur,24.546441,93.800764,445.59,237399,532.77,4.25,40.0,80.8,0.0,0.0,0,0,0,0,0,15,23,98.0,294.5,183.4,96.1,15.2,5.16,0,0
DIST_IND_276,MANIPUR,Thoubal,24.616836,94.01383,359.56,422168,1174.12,2.89,20.2,55.0,0.0,0.0,0,0,0,0,0,14,22,98.0,294.5,189.3,89.5,15.8,5.37,1,0
DIST_IND_277,MANIPUR,Imphal West,24.777118,93.869582,457.34,517992,1132.62,5.48,14.4,104.2,0.0,0.0,0,0,0,0,0,14,23,98.0,294.3,187.4,92.9,14.0,4.76,14,0
DIST_IND_278,MANIPUR,Imphal East,24.843545,94.013238,380.11,456113,1199.95,1.81,12.8,34.3,0.0,0.0,0,0,0,0,0,12,19,98.0,294.4,182.5,100.2,11.7,3.97,2,0
DIST_IND_279,MANIPUR,Ukhrul,25.230742,94.426872,2067.86,183998,88.98,5.28,18.0,100.4,0.0,0.0,0,0,0,0,0,7,9,85.0,294.0,87.6,192.3,14.1,4.8,0,0
DIST_IND_280,MANIPUR,Chandel,24.137672,94.012939,2031.14,144182,70.99,3.3,22.2,62.7,0.0,0.0,0,0,0,0,0,13,22,98.0,286.9,115.6,150.5,20.8,7.25,0,0
DIST_IND_281,MIZORAM,Mamit,23.755139,92.464049,2948.73,86364,29.29,12.9,41.6,245.1,0.0,0.0,0,0,0,0,0,34,71,110.0,294.7,169.2,113.8,11.9,4.04,12,0
DIST_IND_282,MIZORAM,Kolasib,24.155613,92.727531,1535.55,83955,54.67,28.09,61.7,533.7,0.0,0.0,0,0,0,0,0,23,49,110.0,295.3,162.2,126.3,6.9,2.34,6,0
DIST_IND_283,MIZORAM,Aizawl,23.827318,92.890878,3002.06,400309,133.34,14.29,34.9,271.5,0.0,0.0,0,0,0,0,0,22,47,110.0,295.5,221.79999999999998,70.3,3.3,1.12,26,0
DIST_IND_284,MIZORAM,Champhai,23.540061,93.231057,3269.82,125745,38.46,5.6,14.6,106.4,0.0,0.0,0,0,0,0,0,19,38,110.0,296.5,149.1,137.6,9.8,3.31,12,0
DIST_IND_285,MIZORAM,Serchhip,23.300215,92.945781,1349.33,64937,48.13,15.64,60.3,297.2,0.0,0.0,0,0,0,0,0,27,41,110.0,297.0,126.8,146.7,23.6,7.95,7,0
DIST_IND_286,MIZORAM,Lunglei,22.972328,92.720331,4363.19,161428,37.0,12.89,55.1,244.9,0.0,0.0,0,0,0,0,0,35,61,123.0,295.5,173.4,114.8,7.2,2.44,10,0
DIST_IND_287,MIZORAM,Lawngtlai,22.432536,92.765754,2333.87,117894,50.51,16.57,77.5,314.8,0.0,2.0,0,0,0,0,0,37,81,123.0,293.2,153.6,128.5,11.3,3.85,5,0
DIST_IND_288,MIZORAM,Saiha,22.291597,93.001376,1472.81,56574,38.41,18.12,70.1,344.2,0.0,1.0,0,0,0,0,0,31,67,80.0,296.2,194.4,90.5,11.4,3.85,8,0
DIST_IND_289,TRIPURA,West Tripura,23.88656,91.399284,906.72,1725739,1903.28,10.53,89.8,200.1,0.0,1.0,0,0,0,0,0,54,131,80.0,295.4,175.3,108.9,11.1,3.76,20,0
DIST_IND_290,TRIPURA,South Tripura,23.200275,91.577239,1405.46,876001,623.28,5.68,22.3,107.9,0.0,0.0,0,0,0,0,0,64,162,123.0,296.8,175.60000000000002,109.0,12.3,4.14,9,0
DIST_IND_291,TRIPURA,Dhalai,23.84128,91.925107,2166.06,378230,174.62,10.32,55.5,196.0,0.0,0.0,0,0,0,0,0,45,97,90.0,296.7,140.9,132.3,23.5,7.92,5,0
DIST_IND_292,TRIPURA,North Tripura,24.096685,92.210849,1293.4,693947,536.53,10.17,38.3,193.2,0.0,0.0,0,0,0,0,0,31,60,65.0,293.4,145.9,125.0,22.8,7.77,7,0
DIST_IND_293,MEGHALAYA,West Garo Hills,25.63722,90.192643,2668.07,643291,241.11,2.28,11.1,43.4,0.0,0.0,0,0,0,0,0,17,54,40.0,296.9,150.5,129.0,17.4,5.86,28,0
DIST_IND_294,MEGHALAYA,East Garo Hills,25.642456,90.625756,1789.69,317917,177.64,1.92,4.7,36.4,0.0,0.0,0,0,0,0,0,13,36,40.0,297.7,151.7,138.0,8.0,2.69,2,0
DIST_IND_295,MEGHALAYA,South Garo Hills,25.303026,90.587474,1807.41,142334,78.75,3.81,12.7,72.4,0.0,0.0,0,0,0,0,0,19,52,40.0,297.8,145.0,142.4,10.4,3.49,0,0
DIST_IND_296,MEGHALAYA,West Khasi Hills,25.594179,91.2559,3779.67,383461,101.45,9.14,30.6,173.6,0.0,0.0,0,0,0,0,0,12,18,25.0,296.8,118.1,156.5,22.299999999999997,7.51,5,0
DIST_IND_297,MEGHALAYA,Ribhoi,,,,258840,,,,,,,0,0,0,0,0,0,0,0.0,295.9,143.2,138.2,14.5,4.9,0,0
DIST_IND_298,MEGHALAYA,East Khasi Hills,25.382346,91.803465,2697.9,825922,306.14,12.36,39.4,234.8,0.0,0.0,0,0,0,0,0,9,16,40.0,296.1,165.5,113.6,17.0,5.74,17,0
DIST_IND_299,MEGHALAYA,Jaintia Hills,,,,395124,,,,,,,0,0,0,0,0,0,0,0.0,295.0,174.4,102.4,18.1,6.14,5,0
DIST_IND_300,ASSAM,Kokrajhar,26.492247,90.117353,3037.07,887142,292.1,7.24,52.1,137.6,0.0,0.0,0,0,0,0,0,4,10,25.0,295.4,135.0,130.4,29.900000000000002,10.12,3,0
DIST_IND_301,ASSAM,Dhubri,26.163398,90.030121,1463.55,1949258,1331.87,13.79,112.5,262.0,0.0,2.0,0,0,0,0,0,9,28,30.0,296.6,86.0,164.0,46.5,15.68,2,0
DIST_IND_302,ASSAM,Goalpara,26.04918,90.609327,1856.88,1008183,542.94,4.83,23.4,91.8,0.0,0.0,0,0,0,0,0,8,19,30.0,296.6,101.0,163.2,32.3,10.89,3,0
DIST_IND_303,ASSAM,Barpeta,26.336847,91.004282,2161.1,1693622,783.69,3.76,42.6,71.5,0.0,0.0,0,0,0,0,0,4,6,0.0,296.2,97.2,155.4,43.6,14.72,3,0
DIST_IND_304,ASSAM,Morigaon,26.281691,92.281226,1498.41,957423,638.96,5.57,41.7,105.8,0.0,0.0,0,0,0,0,0,3,9,30.0,294.9,94.6,162.4,37.9,12.85,3,0
DIST_IND_305,ASSAM,Nagaon,26.362156,92.754412,2467.17,2823768,1144.54,7.63,49.1,145.0,0.0,0.0,0,0,0,0,0,3,9,30.0,295.2,106.0,157.3,31.9,10.81,3,0
DIST_IND_306,ASSAM,Sonitpur,26.757893,92.69888,3318.54,1924110,579.81,10.68,42.4,203.0,0.0,0.0,0,0,0,0,0,2,5,0.0,295.5,128.4,143.1,23.9,8.09,7,0
DIST_IND_307,ASSAM,Lakhimpur,27.170302,94.129838,2819.91,1042137,369.56,6.25,59.8,118.7,0.0,0.0,0,0,0,0,0,0,0,0.0,296.0,109.7,162.2,24.299999999999997,8.21,8,0
DIST_IND_308,ASSAM,Dhemaji,27.582778,94.768501,2449.92,686133,280.06,10.02,70.5,190.4,0.0,1.0,0,0,0,0,0,0,0,0.0,293.0,91.80000000000001,174.7,26.7,9.11,1,0
DIST_IND_309,ASSAM,Tinsukia,27.579671,95.619668,3677.16,1327929,361.13,7.63,49.1,145.0,0.0,0.0,0,0,0,0,0,0,0,0.0,293.8,137.0,141.9,14.700000000000001,5.0,14,0
DIST_IND_310,ASSAM,Dibrugarh,27.367934,95.052389,3275.85,1326335,404.88,8.22,29.2,156.1,0.0,0.0,0,0,0,0,0,0,0,0.0,294.0,148.8,130.1,15.0,5.1,20,0
DIST_IND_311,ASSAM,Sivasagar,26.970167,94.660078,1516.85,1151050,758.84,5.57,41.7,105.8,0.0,0.0,0,0,0,0,0,0,0,0.0,293.6,126.69999999999999,151.1,15.7,5.35,8,0
DIST_IND_312,ASSAM,Jorhat,26.693869,94.275926,1780.63,1092256,613.41,9.75,37.5,185.3,0.0,0.0,0,0,0,0,0,1,1,25.0,295.1,127.5,148.6,19.3,6.54,14,0
DIST_IND_313,ASSAM,Golaghat,26.448332,93.83236,3157.44,1066888,337.9,10.72,54.3,203.6,0.0,0.0,0,0,0,0,0,3,5,25.0,294.9,114.0,161.4,19.5,6.61,7,0
DIST_IND_314,ASSAM,Karbi Anglong,26.156529,93.404785,7052.77,956313,135.59,,,,,,0,0,0,0,0,5,9,33.0,297.1,106.4,178.6,12.1,4.07,1,0
DIST_IND_315,ASSAM,Dima Hasao,25.37781,93.031061,4698.22,214102,45.57,,,,,,0,0,0,0,0,10,22,40.0,296.20000000000005,122.3,162.2,11.6,3.92,1,0
DIST_IND_316,ASSAM,Cachar,24.812317,92.854962,3638.67,1736617,477.27,7.63,37.6,144.9,0.0,0.0,0,0,0,0,0,17,35,78.0,294.9,121.5,144.3,29.0,9.83,15,0
DIST_IND_317,ASSAM,Karimganj,24.579275,92.379041,1743.59,1228686,704.69,,,,,,0,0,0,0,0,22,48,78.0,292.2,110.6,144.5,37.1,12.7,0,0
DIST_IND_318,ASSAM,Hailakandi,24.49686,92.587739,1278.17,659296,515.81,8.59,27.4,163.2,0.0,0.0,0,0,0,0,0,21,45,78.0,292.8,108.89999999999999,143.9,40.0,13.66,0,0
DIST_IND_319,ASSAM,Bongaigaon,26.351499,90.61077,1085.56,738804,680.57,6.36,56.5,120.8,0.0,0.0,0,0,0,0,0,5,12,25.0,297.0,119.0,150.2,27.7,9.33,6,0
DIST_IND_320,ASSAM,Chirang,26.657657,90.598931,1871.15,482162,257.68,6.06,54.0,115.1,0.0,0.0,0,0,0,0,0,2,3,0.0,294.4,108.1,150.1,36.4,12.36,0,0
DIST_IND_321,ASSAM,Kamrup,26.099019,91.414859,3005.67,1517542,504.89,,,,,,0,0,0,0,0,2,3,0.0,293.2,103.1,158.0,32.3,11.02,58,0
DIST_IND_322,ASSAM,Kamrup Metropolitan,,,,1253938,,,,,,,0,0,0,0,0,0,0,0.0,295.7,168.5,108.7,18.5,6.26,0,0
DIST_IND_323,ASSAM,Nalbari,26.371266,91.38161,1013.2,771639,761.59,2.92,19.5,55.4,0.0,0.0,0,0,0,0,0,1,2,0.0,294.3,106.7,160.7,26.9,9.14,2,0
DIST_IND_324,ASSAM,Baksa,26.659017,91.350586,2377.93,950075,399.54,4.19,39.2,79.6,0.0,0.0,0,0,0,0,0,1,2,0.0,293.4,85.2,178.6,29.7,10.12,0,0
DIST_IND_325,ASSAM,Darrang,26.451232,92.034454,1558.72,928500,595.68,8.01,24.4,152.2,0.0,0.0,0,0,0,0,0,1,3,0.0,294.5,106.19999999999999,145.4,42.900000000000006,14.57,1,0
DIST_IND_326,ASSAM,Udalguri,26.73009,92.027952,1907.59,831668,435.98,2.92,19.5,55.4,0.0,0.0,0,0,0,0,0,1,2,0.0,296.3,116.5,151.9,28.0,9.45,0,0
DIST_IND_327,WEST BENGAL,Darjiling,,,,1846823,,,,,,,0,0,0,0,0,0,0,0.0,290.6,143.1,127.69999999999999,19.9,6.85,0,0
DIST_IND_328,WEST BENGAL,Jalpaiguri,26.68274,88.762379,3272.1,3872846,1183.6,9.17,44.3,174.3,0.0,0.0,0,0,0,0,0,6,18,23.0,292.2,108.9,143.1,40.2,13.76,13,0
DIST_IND_329,WEST BENGAL,Koch Bihar,,,,2819086,,,,,,,0,0,0,0,0,0,0,0.0,291.7,117.1,142.60000000000002,32.0,10.97,0,0
DIST_IND_330,WEST BENGAL,Uttar Dinajpur,,,,3007134,,,,,,,0,0,0,0,0,0,0,0.0,291.3,103.7,148.7,38.8,13.32,0,0
DIST_IND_331,WEST BENGAL,Dakshin Dinajpur,,,,1676276,,4.83,32.5,91.7,0.0,0.0,0,0,0,0,0,0,0,0.0,292.1,117.80000000000001,142.2,32.2,11.02,0,0
DIST_IND_332,WEST BENGAL,Maldah,25.133685,88.086147,3536.27,3988845,1127.98,,,,,,0,0,0,0,0,41,172,35.0,290.6,100.69999999999999,159.8,30.0,10.32,0,0
DIST_IND_333,WEST BENGAL,Murshidabad,24.16222,88.230914,5140.36,7103807,1381.97,,,,,,0,0,0,0,0,82,395,48.0,283.9,91.7,149.9,42.2,14.86,24,0
DIST_IND_334,WEST BENGAL,Birbhum,23.954333,87.663072,4370.76,3502404,801.33,9.95,59.9,189.1,0.0,0.0,0,0,0,0,0,107,490,48.0,290.4,116.3,135.1,39.0,13.43,31,0
DIST_IND_335,WEST BENGAL,Barddhaman,,,,7717563,,,,,,,0,0,0,0,0,0,0,0.0,293.1,136.3,133.2,23.6,8.05,0,0
DIST_IND_336,WEST BENGAL,Nadia,23.478109,88.51625,3762.57,5167600,1373.42,6.12,23.9,116.2,0.0,0.0,0,0,0,0,0,124,625,83.0,291.4,111.0,140.9,39.4,13.52,49,0
DIST_IND_337,WEST BENGAL,North Twenty Four Parganas,,,,10009781,,,,,,,0,0,0,0,0,0,0,0.0,294.2,142.0,116.1,36.2,12.3,0,0
DIST_IND_338,WEST BENGAL,Hugli,,,,5519145,,6.12,23.9,116.2,0.0,0.0,0,0,0,0,0,0,0,0.0,293.5,150.4,117.4,25.9,8.82,0,0
DIST_IND_339,WEST BENGAL,Bankura,23.138907,87.135654,6625.32,3596674,542.87,10.37,37.7,197.0,0.0,0.0,0,0,0,0,0,195,882,45.0,290.8,121.6,137.9,31.4,10.8,35,0
DIST_IND_340,WEST BENGAL,Puruliya,,,,2930115,,11.81,35.0,224.3,0.0,0.0,0,0,0,0,0,0,0,0.0,281.6,106.8,154.4,20.3,7.21,0,0
DIST_IND_341,WEST BENGAL,Haora,,,,4850029,,5.88,32.0,111.7,0.0,0.0,0,0,0,0,0,0,0,0.0,291.0,153.8,108.5,28.7,9.86,0,0
DIST_IND_342,WEST BENGAL,Kolkata,22.528375,88.354098,188.35,4496694,23874.14,17.8,127.8,338.2,0.0,2.0,0,0,0,0,0,229,1073,100.0,195.4,130.6,59.6,5.2,2.66,415,0
DIST_IND_343,WEST BENGAL,South Twenty Four Parganas,,,,8161961,,,,,,,0,0,0,0,0,0,0,0.0,292.7,123.6,131.6,37.5,12.81,0,0
DIST_IND_344,WEST BENGAL,Paschim Medinipur,,,,5913457,,,,,,,0,0,0,0,0,0,0,0.0,288.7,126.8,128.9,33.0,11.43,0,0
DIST_IND_345,WEST BENGAL,Purba Medinipur,,,,5095875,,,,,,,0,0,0,0,0,0,0,0.0,291.5,120.6,126.9,44.0,15.09,0,0
DIST_IND_346,JHARKHAND,Garhwa,24.103316,83.697961,3927.51,1322784,336.8,15.42,122.0,292.9,0.0,2.0,0,0,0,0,0,187,685,25.0,292.8,111.4,165.3,16.1,5.5,9,0
DIST_IND_347,JHARKHAND,Chatra,24.163976,84.890814,3651.06,1042886,285.64,10.22,57.0,194.1,0.0,0.0,0,0,0,0,0,165,736,28.0,286.6,119.7,154.3,12.6,4.4,20,0
DIST_IND_348,JHARKHAND,Kodarma,,,,716259,,,,,,,0,0,0,0,0,0,0,0.0,289.5,132.8,143.2,13.5,4.66,0,0
DIST_IND_349,JHARKHAND,Giridih,24.292946,86.109821,4790.24,2445474,510.51,10.88,63.7,206.7,0.0,0.0,0,0,0,0,0,114,490,30.0,284.0,139.2,135.6,9.3,3.27,20,0
DIST_IND_350,JHARKHAND,Deoghar,24.328545,86.738905,2388.0,1492073,624.82,8.82,36.0,167.6,0.0,0.0,0,0,0,0,0,90,378,25.0,279.1,122.7,142.8,13.5,4.84,14,0
DIST_IND_351,JHARKHAND,Godda,24.858737,87.308664,2179.83,1313551,602.59,8.07,37.7,153.4,0.0,0.0,0,0,0,0,0,47,196,0.0,280.20000000000005,109.2,149.7,21.299999999999997,7.6,10,0
DIST_IND_352,JHARKHAND,Sahibganj,,,,1150567,,,,,,,0,0,0,0,0,0,0,0.0,284.0,97.5,164.8,21.6,7.61,4,0
DIST_IND_353,JHARKHAND,Pakur,24.564083,87.662041,1742.83,900422,516.64,8.19,33.5,155.6,0.0,0.0,0,0,0,0,0,65,307,40.0,284.7,108.0,157.2,19.6,6.88,2,0
DIST_IND_354,JHARKHAND,Dhanbad,23.826984,86.471822,1961.46,2684487,1368.62,11.01,35.1,209.2,0.0,0.0,0,0,0,0,0,152,646,33.0,291.9,139.0,140.5,12.399999999999999,4.25,44,0
DIST_IND_355,JHARKHAND,Bokaro,23.694236,85.996087,2767.03,2062330,745.32,12.54,77.9,238.3,0.0,1.0,0,0,0,0,0,172,760,33.0,290.4,154.2,125.7,10.6,3.65,36,0
DIST_IND_356,JHARKHAND,Lohardaga,23.475444,84.669583,1443.53,461790,319.9,9.61,60.1,182.6,0.0,0.0,0,0,0,0,0,227,938,33.0,279.3,122.8,146.6,9.9,3.54,20,0
DIST_IND_357,JHARKHAND,Purbi Singhbhum,,,,2293919,,13.2,67.6,250.8,0.0,1.0,0,0,0,0,0,0,0,0.0,285.5,166.7,107.3,11.6,4.06,33,0
DIST_IND_358,JHARKHAND,Palamu,24.200045,84.167628,4254.46,1939869,455.96,14.13,53.6,268.4,0.0,0.0,0,0,0,0,0,168,662,28.0,289.9,114.1,158.1,17.6,6.07,19,0
DIST_IND_359,JHARKHAND,Latehar,23.716999,84.442788,4087.77,726978,177.84,22.23,101.0,422.4,0.0,2.0,0,0,0,0,0,214,858,30.0,288.0,129.1,149.5,9.5,3.3,14,0
DIST_IND_360,JHARKHAND,Hazaribagh,24.062267,85.424436,4163.83,1734495,416.56,9.85,43.6,187.1,0.0,0.0,0,0,0,0,0,153,739,30.0,285.4,155.3,120.9,9.1,3.19,0,0
DIST_IND_361,JHARKHAND,Ramgarh,23.63429,85.563569,1340.13,949443,708.47,12.96,77.2,246.3,0.0,1.0,0,0,0,0,0,201,905,35.0,289.8,148.8,130.4,10.7,3.69,16,0
DIST_IND_362,JHARKHAND,Dumka,24.319411,87.265743,3619.16,1321442,365.12,7.69,31.2,146.2,0.0,0.0,0,0,0,0,0,83,348,25.0,275.3,114.1,145.0,16.1,5.85,18,0
DIST_IND_363,JHARKHAND,Jamtara,23.975795,86.907186,1745.35,791042,453.23,14.38,129.3,273.2,0.0,1.0,0,0,0,0,0,118,510,33.0,283.3,124.0,146.9,12.5,4.41,5,0
DIST_IND_364,JHARKHAND,Ranchi,23.329203,85.374033,4807.09,2914253,606.24,13.87,72.8,263.6,0.0,1.0,0,0,0,0,0,248,988,35.0,276.2,147.8,118.6,9.9,3.58,107,0
DIST_IND_365,JHARKHAND,Khunti,22.994393,85.261886,2535.18,531885,209.8,5.41,17.0,102.7,0.0,0.0,0,0,0,0,0,272,977,35.0,259.5,125.1,126.0,8.4,3.24,8,0
DIST_IND_366,JHARKHAND,Gumla,23.102745,84.532223,5152.99,1025213,198.95,7.08,30.1,134.6,0.0,0.0,0,0,0,0,0,253,908,40.0,252.8,109.5,133.4,9.8,3.88,11,0
DIST_IND_367,JHARKHAND,Simdega,22.581896,84.563726,3624.63,599578,165.42,9.21,35.8,174.9,0.0,0.0,0,0,0,0,0,255,875,45.0,270.6,121.1,140.3,9.2,3.4,7,0
DIST_IND_368,JHARKHAND,Pashchimi Singhbhum,22.420446,85.518624,6957.02,1502338,215.95,12.99,52.6,246.8,0.0,0.0,0,0,0,0,0,288,1015,40.0,287.4,144.4,131.0,12.0,4.18,11,0
DIST_IND_369,JHARKHAND,Saraikela-Kharsawan,22.847477,85.949725,2558.84,1065056,416.23,,,,,,0,0,0,0,0,277,1049,40.0,278.2,140.9,127.4,10.0,3.59,0,0
DIST_IND_370,ORISSA,Bargarh,21.218965,83.348348,5632.11,1481255,263.0,,,,,,0,0,0,0,0,204,587,63.0,287.7,96.0,171.1,20.7,7.19,26,0
DIST_IND_371,ORISSA,Jharsuguda,21.805054,83.955926,2069.37,579505,280.04,8.46,40.6,160.7,0.0,0.0,0,0,0,0,0,246,729,50.0,289.2,100.5,171.6,16.8,5.81,14,0
DIST_IND_372,ORISSA,Sambalpur,21.448022,84.275297,6331.03,1041099,164.44,8.07,51.2,153.3,0.0,0.0,0,0,0,0,0,237,731,65.0,292.0,104.6,167.7,19.5,6.68,32,0
DIST_IND_373,ORISSA,Debagarh,21.466683,84.786335,2834.2,312520,110.27,13.01,78.1,247.1,0.0,1.0,0,0,0,0,0,260,795,65.0,295.20000000000005,55.5,208.2,31.5,10.67,0,0
DIST_IND_374,ORISSA,Sundargarh,22.080809,84.509327,9377.86,2093437,223.23,12.22,40.8,232.1,0.0,0.0,0,0,0,0,0,263,789,50.0,291.6,93.5,183.1,15.0,5.14,21,0
DIST_IND_375,ORISSA,Kendujhar,21.537131,85.704512,8007.56,1801733,225.0,10.77,67.1,204.6,0.0,1.0,0,0,0,0,0,294,1034,75.0,291.4,87.4,180.1,24.0,8.24,21,0
DIST_IND_376,ORISSA,Mayurbhanj,21.895282,86.409543,10011.09,2519738,251.69,17.74,91.9,337.1,0.0,1.0,0,0,0,0,0,313,1204,75.0,285.8,85.3,176.3,24.1,8.43,40,0
DIST_IND_377,ORISSA,Baleshwar,21.493237,86.910468,3670.15,2320529,632.27,11.13,35.5,211.4,0.0,0.0,0,0,0,0,0,339,1486,75.0,293.0,103.4,160.4,29.1,9.93,0,0
DIST_IND_378,ORISSA,Bhadrak,20.980098,86.624672,2389.21,1506337,630.47,7.0,32.7,133.0,0.0,0.0,0,0,0,0,0,314,1260,135.0,294.1,93.4,176.3,24.5,8.33,15,0
DIST_IND_379,ORISSA,Kendrapara,20.551539,86.611677,2460.49,1440361,585.4,,,,,,0,0,0,0,0,284,1235,138.0,294.8,116.5,155.0,23.4,7.94,14,0
DIST_IND_380,ORISSA,Jagatsinghapur,20.216972,86.335625,1686.38,1136971,674.21,6.98,31.6,132.7,0.0,0.0,0,0,0,0,0,245,1016,140.0,295.5,109.6,168.8,17.1,5.79,13,0
DIST_IND_381,ORISSA,Cuttack,20.453437,85.696895,3722.17,2624470,705.09,6.81,46.1,129.4,0.0,0.0,0,0,0,0,0,217,841,135.0,293.8,130.2,138.4,25.2,8.58,105,0
DIST_IND_382,ORISSA,Jajapur,20.856196,86.149211,2793.05,1827192,654.19,5.54,28.4,105.2,0.0,0.0,0,0,0,0,0,266,1042,135.0,294.5,105.8,153.8,35.0,11.88,19,0
DIST_IND_383,ORISSA,Dhenkanal,20.826708,85.524029,4298.17,1192811,277.52,4.35,32.2,82.7,0.0,0.0,0,0,0,0,0,233,857,135.0,295.9,97.7,168.3,30.0,10.14,19,0
DIST_IND_384,ORISSA,Anugul,20.986377,84.905186,6152.32,1273821,207.05,5.73,39.1,108.8,0.0,0.0,0,0,0,0,0,224,733,78.0,295.6,105.3,161.0,29.3,9.91,15,0
DIST_IND_385,ORISSA,Nayagarh,20.213029,84.998266,3760.85,962789,256.0,5.27,22.7,100.1,0.0,0.0,0,0,0,0,0,184,600,115.0,290.9,89.3,170.6,30.9,10.62,9,0
DIST_IND_386,ORISSA,Khordha,20.090799,85.514522,2791.01,2251673,806.76,8.0,28.8,152.0,0.0,0.0,0,0,0,0,0,197,756,135.0,295.5,129.1,146.1,20.1,6.8,76,0
DIST_IND_387,ORISSA,Puri,19.878731,85.726012,3347.61,1698730,507.45,8.88,36.8,168.7,0.0,0.0,0,0,0,0,0,196,760,138.0,291.9,97.8,167.4,26.7,9.15,70,0
DIST_IND_388,ORISSA,Ganjam,19.621941,84.671832,8141.0,3529031,433.49,3.59,39.0,68.2,0.0,0.0,0,0,0,0,0,130,487,120.0,290.1,114.1,153.2,22.8,7.86,55,0
DIST_IND_389,ORISSA,Gajapati,19.186125,84.159699,3962.68,577817,145.81,,,,,,0,0,0,0,0,102,381,120.0,293.8,108.7,168.6,16.5,5.62,12,0
DIST_IND_390,ORISSA,Kandhamal,20.127581,84.045704,7745.36,733110,94.65,6.19,31.0,117.7,0.0,0.0,0,0,0,0,0,144,441,90.0,293.2,94.8,178.79999999999998,19.5,6.65,13,0
DIST_IND_391,ORISSA,Baudh,20.644449,84.173128,2994.31,441162,147.33,,,,,,0,0,0,0,0,174,522,88.0,286.4,76.89999999999999,196.1,13.5,4.71,5,0
DIST_IND_392,ORISSA,Subarnapur,20.930762,83.822426,2278.99,610183,267.74,4.73,35.4,89.8,0.0,0.0,0,0,0,0,0,186,560,75.0,286.20000000000005,68.5,198.2,19.4,6.78,5,0
DIST_IND_393,ORISSA,Balangir,20.588907,83.171945,6303.85,1648997,261.59,4.58,23.1,87.0,0.0,0.0,0,0,0,0,0,132,394,35.0,292.8,94.8,177.60000000000002,20.4,6.97,23,0
DIST_IND_394,ORISSA,Nuapada,20.46454,82.577383,3718.21,610382,164.16,,,,,,0,0,0,0,0,111,316,63.0,293.6,83.5,193.89999999999998,16.0,5.45,6,0
DIST_IND_395,ORISSA,Kalahandi,19.867144,83.107254,7635.97,1576869,206.51,12.65,79.7,240.4,0.0,1.0,0,0,0,0,0,91,280,73.0,295.1,85.69999999999999,184.0,25.4,8.61,18,0
DIST_IND_396,ORISSA,Rayagada,19.363155,83.512537,7105.09,967911,136.23,,,,,,0,0,0,0,0,89,288,90.0,294.8,111.60000000000001,167.9,15.2,5.16,16,0
DIST_IND_397,ORISSA,Nabarangapur,,,,1220946,,16.69,107.9,317.1,0.0,2.0,0,0,0,0,0,0,0,0.0,291.5,95.0,183.2,13.3,4.56,0,0
DIST_IND_398,ORISSA,Koraput,18.813437,82.718839,8105.18,1379647,170.22,14.39,72.5,273.4,0.0,1.0,0,0,0,0,0,66,230,105.0,294.2,115.1,163.2,16.1,5.47,14,0
DIST_IND_399,ORISSA,Malkangiri,18.258629,81.949801,5585.16,613192,109.79,10.79,46.8,205.1,0.0,0.0,0,0,0,0,0,56,160,105.0,292.2,94.9,174.3,23.0,7.87,5,0
DIST_IND_400,CHHATTISGARH,Koriya,,,,658917,,,,,,,0,0,0,0,0,0,0,0.0,293.2,155.5,132.3,5.4,1.84,0,0
DIST_IND_401,CHHATTISGARH,Surguja,22.928484,83.227114,3854.28,2359886,612.28,,,,,,0,0,0,0,0,234,719,40.0,290.5,162.0,122.7,5.800000000000001,2.0,12,0
DIST_IND_402,CHHATTISGARH,Jashpur,22.800859,83.862398,5626.42,851669,151.37,,,,,,0,0,0,0,0,242,776,45.0,286.5,165.5,116.4,4.6,1.61,8,0
DIST_IND_403,CHHATTISGARH,Raigarh,22.084028,83.30297,6786.25,1493984,220.15,,,,,,0,0,0,0,0,229,699,50.0,288.9,131.6,145.1,12.2,4.22,22,0
DIST_IND_404,CHHATTISGARH,Korba,22.534545,82.608519,6347.61,1206640,190.09,,,,,,0,0,0,0,0,217,670,30.0,292.9,158.0,127.5,7.4,2.53,18,0
DIST_IND_405,CHHATTISGARH,Janjgir - Champa,21.928354,82.73436,3718.42,1619707,435.59,,,,,,0,0,0,0,0,204,598,33.0,287.3,117.30000000000001,155.2,14.7,5.12,6,0
DIST_IND_406,CHHATTISGARH,Bilaspur,22.182742,82.11471,3439.29,2663629,774.47,,,,,,0,0,0,0,0,197,622,30.0,291.5,133.0,145.7,12.9,4.43,64,0
DIST_IND_407,CHHATTISGARH,Kabeerdham,,,,822526,,,,,,,0,0,0,0,0,0,0,0.0,289.6,120.5,151.8,17.2,5.94,0,0
DIST_IND_408,CHHATTISGARH,Rajnandgaon,21.038214,80.819504,7779.02,1537133,197.6,,,,,,0,0,0,0,0,103,342,48.0,284.6,156.8,118.9,8.8,3.09,11,0
DIST_IND_409,CHHATTISGARH,Durg,21.220143,81.383399,2214.16,3343872,1510.22,,,,,,0,0,0,0,0,119,369,50.0,286.9,155.5,120.30000000000001,10.9,3.8,64,0
DIST_IND_410,CHHATTISGARH,Raipur,21.285645,81.820055,2798.77,4063872,1452.02,,,,,,0,0,0,0,0,143,418,50.0,288.5,144.8,130.2,13.399999999999999,4.64,170,0
DIST_IND_411,CHHATTISGARH,Mahasamund,21.207876,82.607937,4585.3,1032754,225.23,,,,,,0,0,0,0,0,169,470,50.0,281.8,118.4,150.5,12.9,4.58,7,0
DIST_IND_412,CHHATTISGARH,Dhamtari,20.554803,81.809247,3943.18,799781,202.83,,,,,,0,0,0,0,0,100,318,63.0,288.1,134.2,142.4,11.6,4.03,11,0
DIST_IND_413,CHHATTISGARH,Uttar Bastar Kanker,,,,748941,,,,,,,0,0,0,0,0,0,0,0.0,283.8,152.7,122.1,9.0,3.17,0,0
DIST_IND_414,CHHATTISGARH,Bastar,19.095182,81.868207,5225.6,1413199,270.44,,,,,,0,0,0,0,0,57,195,80.0,292.6,148.4,134.7,9.399999999999999,3.21,7,0
DIST_IND_415,CHHATTISGARH,Narayanpur,19.506857,81.076976,4588.29,139820,30.47,,,,,,0,0,0,0,0,48,159,55.0,295.4,116.6,168.2,10.7,3.62,5,0
DIST_IND_416,CHHATTISGARH,Dakshin Bastar Dantewada,,,,533638,,,,,,,0,0,0,0,0,0,0,0.0,296.2,155.4,131.6,9.1,3.07,0,0
DIST_IND_417,CHHATTISGARH,Bijapur,18.824802,80.776483,8132.85,255230,31.38,,,,,,0,0,0,0,0,39,117,30.0,295.3,111.39999999999999,172.5,11.3,3.83,4,0
DIST_IND_418,MADHYA PRADESH,Sheopur,25.754196,77.00656,6358.65,687861,108.18,13.58,78.2,258.0,0.0,1.0,0,0,0,0,0,77,261,0.0,293.4,124.4,155.7,13.5,4.6,0,0
DIST_IND_419,MADHYA PRADESH,Morena,26.412971,77.867018,4803.16,1965970,409.31,12.28,68.1,233.4,0.0,1.0,0,0,0,0,0,76,326,0.0,289.4,143.3,134.7,11.5,3.97,7,0
DIST_IND_420,MADHYA PRADESH,Bhind,26.421976,78.721438,4301.13,1703005,395.94,11.57,42.6,219.8,0.0,0.0,0,0,0,0,0,69,318,0.0,286.3,140.4,135.0,10.7,3.74,1,0
DIST_IND_421,MADHYA PRADESH,Gwalior,26.03961,78.145969,4392.95,2032036,462.57,10.21,48.2,194.0,0.0,0.0,0,0,0,0,0,90,407,0.0,286.8,172.2,105.3,9.2,3.21,78,0
DIST_IND_422,MADHYA PRADESH,Datia,25.783887,78.579162,2792.23,786754,281.77,16.11,101.3,306.0,0.0,1.0,0,0,0,0,0,100,424,0.0,285.1,157.9,119.0,8.2,2.88,2,0
DIST_IND_423,MADHYA PRADESH,Shivpuri,25.360937,77.793259,9691.32,1726050,178.1,18.65,82.1,354.3,0.0,1.0,0,0,0,0,0,102,377,0.0,290.9,146.4,133.5,11.0,3.78,4,0
DIST_IND_424,MADHYA PRADESH,Tikamgarh,24.881163,79.017586,3549.05,1445166,407.2,21.41,76.1,406.8,0.0,2.0,0,0,0,0,0,152,581,0.0,290.6,164.7,117.4,8.2,2.82,4,0
DIST_IND_425,MADHYA PRADESH,Chhatarpur,24.797812,79.664791,8343.98,1762375,211.22,21.37,84.8,406.0,0.0,2.0,0,0,0,0,0,150,626,0.0,287.9,168.9,112.5,6.3,2.19,6,0
DIST_IND_426,MADHYA PRADESH,Panna,24.420396,80.188676,6823.83,1016520,148.97,24.61,71.7,467.5,0.0,3.0,0,0,0,0,0,182,733,0.0,287.2,154.0,125.1,7.9,2.75,2,0
DIST_IND_427,MADHYA PRADESH,Sagar,23.849515,78.760225,9871.94,2378458,240.93,13.52,50.2,256.8,0.0,0.0,0,0,0,0,0,154,575,0.0,281.6,148.1,122.6,10.899999999999999,3.87,12,0
DIST_IND_428,MADHYA PRADESH,Damoh,23.811753,79.52661,7023.18,1264219,180.01,10.94,27.0,207.8,0.0,0.0,0,0,0,0,0,176,708,0.0,287.9,141.7,134.0,12.2,4.24,3,0
DIST_IND_429,MADHYA PRADESH,Satna,24.52809,80.830838,7245.26,2228935,307.64,33.61,96.1,638.5,0.0,3.0,0,0,0,0,0,177,716,0.0,284.1,184.3,93.4,6.4,2.25,19,0
DIST_IND_430,MADHYA PRADESH,Rewa,24.755298,81.58742,6053.51,2365106,390.7,23.03,106.9,437.6,0.0,1.0,0,0,0,0,0,154,650,18.0,286.1,193.89999999999998,85.6,6.5,2.27,9,0
DIST_IND_431,MADHYA PRADESH,Umaria,23.56253,80.973176,4401.46,644758,146.49,18.14,61.6,344.7,0.0,0.0,0,0,0,0,0,202,723,20.0,289.4,163.5,116.0,9.8,3.39,1,0
DIST_IND_432,MADHYA PRADESH,Neemuch,24.592057,75.141851,4142.97,826067,199.39,,,,,,0,0,0,0,0,67,188,0.0,291.2,171.89999999999998,112.9,6.6,2.27,14,0
DIST_IND_433,MADHYA PRADESH,Mandsaur,24.204317,75.404776,5339.82,1340411,251.02,6.25,42.3,118.7,0.0,0.0,0,0,0,0,0,60,186,0.0,287.6,160.6,120.9,6.1,2.12,10,0
DIST_IND_434,MADHYA PRADESH,Ratlam,23.502075,75.087713,4674.66,1455069,311.27,2.67,25.6,50.8,0.0,0.0,0,0,0,0,0,47,131,0.0,277.0,146.39999999999998,123.19999999999999,7.4,2.67,20,0
DIST_IND_435,MADHYA PRADESH,Ujjain,23.330889,75.66894,5867.5,1986864,338.62,3.41,19.1,64.7,0.0,0.0,0,0,0,0,0,55,153,0.0,279.4,149.7,121.4,8.2,2.93,33,0
DIST_IND_436,MADHYA PRADESH,Shajapur,23.384008,76.559655,3329.02,1512681,454.39,6.87,38.6,130.6,0.0,0.0,0,0,0,0,0,67,207,0.0,267.4,133.5,124.1,10.0,3.74,5,0
DIST_IND_437,MADHYA PRADESH,Dewas,22.744017,76.457337,6745.21,1563715,231.83,3.15,15.8,59.9,0.0,0.0,0,0,0,0,0,58,147,0.0,281.7,151.2,116.9,13.7,4.86,35,0
DIST_IND_438,MADHYA PRADESH,Dhar,22.497595,75.103617,7847.42,2185793,278.54,1.39,12.0,26.4,0.0,0.0,0,0,0,0,0,32,96,0.0,271.2,137.6,122.6,11.0,4.06,20,0
DIST_IND_439,MADHYA PRADESH,Indore,22.712966,75.78233,3759.72,3276697,871.53,2.59,21.5,49.2,0.0,0.0,0,0,0,0,0,44,118,0.0,288.0,189.0,88.7,10.2,3.54,244,0
DIST_IND_440,MADHYA PRADESH,Khargone (West Nimar),,,,1873046,,,,,,,0,0,0,0,0,0,0,0.0,288.0,138.8,134.2,15.100000000000001,5.24,0,0
DIST_IND_441,MADHYA PRADESH,Barwani,21.788086,75.021374,5227.67,1385881,265.1,0.91,4.0,17.3,0.0,0.0,0,0,0,0,0,24,57,18.0,281.0,122.6,144.7,13.4,4.77,8,0
DIST_IND_442,MADHYA PRADESH,Rajgarh,23.861162,76.732663,5930.52,1545814,260.65,8.94,44.9,169.9,0.0,0.0,0,0,0,0,0,90,289,0.0,252.7,114.7,124.7,13.200000000000001,5.22,3,0
DIST_IND_443,MADHYA PRADESH,Vidisha,23.891801,77.813134,7028.01,1458875,207.58,,,,,,0,0,0,0,0,120,405,0.0,284.4,164.5,112.2,7.6,2.67,8,0
DIST_IND_444,MADHYA PRADESH,Bhopal,23.469803,77.390794,2660.91,2371061,891.07,10.63,59.3,202.0,0.0,0.0,0,0,0,0,0,94,296,0.0,292.2,176.0,106.5,9.6,3.29,146,0
DIST_IND_445,MADHYA PRADESH,Sehore,22.987582,77.127693,6317.33,1311332,207.58,6.34,25.6,120.5,0.0,0.0,0,0,0,0,0,71,214,0.0,286.2,160.4,111.30000000000001,14.600000000000001,5.1,3,0
DIST_IND_446,MADHYA PRADESH,Raisen,23.219872,78.120704,8144.43,1331597,163.5,6.79,21.7,129.0,0.0,0.0,0,0,0,0,0,114,345,0.0,281.3,145.3,119.6,16.5,5.87,1,0
DIST_IND_447,MADHYA PRADESH,Betul,21.878268,77.871353,9680.35,1575362,162.74,4.46,13.7,84.7,0.0,0.0,0,0,0,0,0,61,157,20.0,287.2,161.8,113.5,11.9,4.14,11,0
DIST_IND_448,MADHYA PRADESH,Harda,22.232418,77.12341,3213.78,570465,177.51,2.78,12.8,52.8,0.0,0.0,0,0,0,0,0,60,144,28.0,287.5,165.0,103.7,18.8,6.54,7,0
DIST_IND_449,MADHYA PRADESH,Hoshangabad,,,,1241350,,,,,,,0,0,0,0,0,0,0,0.0,289.0,160.0,107.89999999999999,21.1,7.3,17,0
DIST_IND_450,MADHYA PRADESH,Katni,23.752774,80.401111,4853.04,1292042,266.23,14.98,45.0,284.6,0.0,0.0,0,0,0,0,0,197,764,20.0,287.0,163.1,113.3,10.5,3.66,12,0
DIST_IND_451,MADHYA PRADESH,Jabalpur,23.234196,79.975705,4901.18,2463289,502.59,14.55,73.6,276.4,0.0,1.0,0,0,0,0,0,178,672,20.0,287.8,167.2,108.30000000000001,12.5,4.34,76,0
DIST_IND_452,MADHYA PRADESH,Narsimhapur,22.936334,79.087837,4939.36,1091854,221.05,,,,,,0,0,0,0,0,133,436,0.0,284.5,136.5,123.80000000000001,24.3,8.54,2,0
DIST_IND_453,MADHYA PRADESH,Dindori,22.887999,81.050771,5579.99,704524,126.26,14.92,83.2,283.4,0.0,1.0,0,0,0,0,0,193,676,25.0,289.9,144.4,134.8,10.700000000000001,3.69,0,0
DIST_IND_454,MADHYA PRADESH,Mandla,22.638549,80.509671,7175.67,1054905,147.01,18.24,70.0,346.5,0.0,1.0,0,0,0,0,0,165,527,25.0,288.7,167.3,109.0,12.1,4.19,0,0
DIST_IND_455,MADHYA PRADESH,Chhindwara,22.121876,78.853926,11369.06,2090922,183.91,5.73,21.0,108.8,0.0,0.0,0,0,0,0,0,89,293,0.0,289.1,150.4,125.5,13.2,4.57,6,0
DIST_IND_456,MADHYA PRADESH,Seoni,22.316225,79.688736,8430.76,1379131,163.58,5.98,26.8,113.6,0.0,0.0,0,0,0,0,0,120,388,20.0,281.9,160.0,109.3,12.7,4.51,2,0
DIST_IND_457,MADHYA PRADESH,Balaghat,21.88048,80.359115,8900.54,1701698,191.19,10.48,38.4,199.2,0.0,0.0,0,0,0,0,0,129,383,30.0,287.8,173.5,100.7,13.6,4.73,9,0
DIST_IND_458,MADHYA PRADESH,Guna,24.555539,77.198608,6136.56,1241519,202.32,8.53,43.2,162.0,0.0,0.0,0,0,0,0,0,105,357,0.0,285.8,154.4,122.69999999999999,8.9,3.11,4,0
DIST_IND_459,MADHYA PRADESH,Ashoknagar,24.609306,77.875386,4554.18,845071,185.56,10.05,42.5,191.0,0.0,0.0,0,0,0,0,0,125,446,0.0,281.8,156.4,118.5,6.6,2.34,0,0
DIST_IND_460,MADHYA PRADESH,Shahdol,23.6286,81.47412,5460.96,1066063,195.22,22.28,54.3,423.3,0.0,0.0,0,0,0,0,0,213,722,25.0,286.1,167.8,110.0,8.3,2.9,4,0
DIST_IND_461,MADHYA PRADESH,Anuppur,23.056636,81.682158,3623.85,749237,206.75,11.91,43.3,226.3,0.0,0.0,0,0,0,0,0,217,731,25.0,287.1,190.2,91.1,5.8,2.02,2,0
DIST_IND_462,MADHYA PRADESH,Sidhi,24.220484,81.833726,4591.48,1127033,245.46,19.25,66.3,365.8,0.0,1.0,0,0,0,0,0,186,701,0.0,288.5,184.2,99.10000000000001,5.3,1.84,1,0
DIST_IND_463,MADHYA PRADESH,Singrauli,24.216069,82.419931,5543.3,1178273,212.56,18.47,63.4,350.9,0.0,0.0,0,0,0,0,0,178,682,23.0,293.0,176.5,110.2,6.3,2.15,2,0
DIST_IND_464,MADHYA PRADESH,Jhabua,22.892284,74.671449,3312.08,1025048,309.49,1.66,9.3,31.6,0.0,0.0,0,0,0,0,0,32,101,0.0,218.60000000000002,110.19999999999999,99.1,9.2,4.21,1,0
DIST_IND_465,MADHYA PRADESH,Alirajpur,22.314636,74.363333,3213.49,728999,226.86,1.46,6.6,27.8,0.0,0.0,0,0,0,0,0,31,89,20.0,171.0,93.0,71.6,6.4,3.74,0,0
DIST_IND_466,MADHYA PRADESH,Khandwa (East Nimar),,,,1310061,,,,,,,0,0,0,0,0,0,0,0.0,289.5,142.4,127.60000000000001,19.5,6.74,0,0
DIST_IND_467,MADHYA PRADESH,Burhanpur,21.370288,76.368566,3113.19,757847,243.43,1.13,5.5,21.5,0.0,0.0,0,0,0,0,0,29,70,35.0,289.7,142.6,131.4,15.600000000000001,5.38,14,0
DIST_IND_468,GUJARAT,Kachchh,23.622691,69.937649,41280.1,2092371,50.69,0.05,0.6,1.0,0.0,0.0,0,0,0,0,0,30,110,70.0,297.1,224.0,69.9,3.2,1.08,92,0
DIST_IND_469,GUJARAT,Banas Kantha,24.287715,72.022931,10362.56,3120506,301.13,,,,,,0,0,0,0,0,44,155,50.0,296.6,189.3,98.19999999999999,9.1,3.07,95,0
DIST_IND_470,GUJARAT,Patan,23.770335,71.757829,5551.72,1343734,242.04,0.0,0.0,0.0,0.0,0.0,0,0,0,0,0,40,126,55.0,296.8,192.3,95.9,8.6,2.9,74,0
DIST_IND_471,GUJARAT,Mahesana,23.61013,72.467468,4255.54,2035064,478.22,0.01,0.1,0.1,0.0,0.0,0,0,0,0,0,41,128,55.0,297.5,207.9,83.7,6.0,2.02,199,0
DIST_IND_472,GUJARAT,Sabar Kantha,23.806689,73.03228,3980.28,2428589,610.16,0.0,0.0,0.0,0.0,0.0,0,0,0,0,0,43,121,50.0,296.1,184.89999999999998,105.5,5.7,1.93,135,0
DIST_IND_473,GUJARAT,Gandhinagar,23.252968,72.69252,2004.88,1391753,694.18,0.01,0.2,0.2,0.0,0.0,0,0,0,0,0,35,113,55.0,296.6,200.5,90.9,5.3,1.79,92,0
DIST_IND_474,GUJARAT,Ahmadabad,22.770213,72.246197,6839.95,7214225,1054.72,0.01,0.1,0.1,0.0,0.0,0,0,0,0,0,31,101,70.0,296.5,203.60000000000002,89.5,3.4,1.15,0,0
DIST_IND_475,GUJARAT,Surendranagar,22.763492,71.592709,8805.45,1756268,199.45,0.0,0.0,0.0,0.0,0.0,0,0,0,0,0,22,82,70.0,294.7,198.0,91.1,5.699999999999999,1.93,34,0
DIST_IND_476,GUJARAT,Rajkot,22.021697,70.742802,7325.46,3804558,519.36,0.06,0.8,1.2,0.0,0.0,0,0,0,0,0,31,140,90.0,292.3,215.7,73.0,3.7,1.27,172,0
DIST_IND_477,GUJARAT,Jamnagar,22.342271,70.204214,6549.61,2160119,329.81,0.0,0.0,0.0,0.0,0.0,0,0,0,0,0,33,177,93.0,295.6,213.1,78.6,3.9000000000000004,1.32,73,0
DIST_IND_478,GUJARAT,Porbandar,21.654706,69.777073,2239.81,585449,261.38,0.11,1.6,2.1,0.0,0.0,0,0,0,0,0,32,199,105.0,295.1,208.6,81.2,5.4,1.83,20,0
DIST_IND_479,GUJARAT,Junagadh,21.373346,70.410936,4840.05,2743082,566.75,,,,,,0,0,0,0,0,35,192,110.0,295.3,205.89999999999998,85.0,4.7,1.59,68,0
DIST_IND_480,GUJARAT,Amreli,21.423363,71.249768,7129.46,1514190,212.38,0.1,0.5,1.9,0.0,0.0,0,0,0,0,0,31,150,110.0,293.4,209.5,79.7,4.2,1.43,30,0
DIST_IND_481,GUJARAT,Bhavnagar,21.574487,71.903035,6536.07,2880365,440.69,0.14,1.3,2.7,0.0,0.0,0,0,0,0,0,24,97,100.0,293.0,202.39999999999998,86.7,3.9000000000000004,1.33,81,0
DIST_IND_482,GUJARAT,Anand,22.437668,72.760471,2962.75,2092745,706.35,0.06,1.0,1.1,0.0,0.0,0,0,0,0,0,24,86,70.0,295.2,187.8,102.3,5.2,1.76,145,0
DIST_IND_483,GUJARAT,Kheda,22.839316,72.951534,3285.26,2299885,700.06,,,,,,0,0,0,0,0,33,105,60.0,296.4,185.9,104.19999999999999,6.3,2.13,105,0
DIST_IND_484,GUJARAT,Panch Mahals,22.719624,73.625406,3158.12,2390776,757.03,,,,,,0,0,0,0,0,32,104,50.0,272.0,160.5,105.7,5.7,2.1,0,0
DIST_IND_485,GUJARAT,Dohad,22.861924,74.112654,3523.83,2127086,603.63,,,,,,0,0,0,0,0,32,106,0.0,232.5,131.6,96.6,4.2,1.81,0,0
DIST_IND_486,GUJARAT,Vadodara,22.247956,73.239268,3935.14,4165626,1058.57,0.09,1.2,1.7,0.0,0.0,0,0,0,0,0,24,85,60.0,290.8,193.3,93.6,4.0,1.38,482,0
DIST_IND_487,GUJARAT,Narmada,21.73619,73.644877,2706.15,590297,218.13,0.34,3.8,6.5,0.0,0.0,0,0,0,0,0,17,54,50.0,286.6,166.8,115.4,4.5,1.57,24,0
DIST_IND_488,GUJARAT,Bharuch,21.780575,72.916357,5222.08,1551019,297.01,0.06,0.6,1.1,0.0,0.0,0,0,0,0,0,19,58,70.0,294.3,202.4,88.4,3.3,1.12,99,0
DIST_IND_489,GUJARAT,The Dangs,,,,228291,,3.41,13.4,64.8,0.0,0.0,0,0,0,0,0,0,0,0.0,275.8,185.0,88.3,2.7,0.98,0,0
DIST_IND_490,GUJARAT,Navsari,20.815971,73.091627,2133.85,1329672,623.13,0.98,3.6,18.6,0.0,0.0,0,0,0,0,0,15,43,30.0,282.0,200.8,77.8,3.4,1.21,59,0
DIST_IND_491,GUJARAT,Valsad,20.417643,73.11834,2862.49,1705678,595.87,3.76,9.9,71.4,0.0,0.0,0,0,0,0,0,15,56,30.0,289.4,192.8,93.4,3.2,1.11,93,0
DIST_IND_492,GUJARAT,Surat,21.264216,73.073459,4129.67,6081322,1472.59,0.61,2.7,11.6,0.0,0.0,0,0,0,0,0,14,42,23.0,288.2,217.0,69.0,2.3,0.8,341,0
DIST_IND_493,GUJARAT,Tapi,21.191391,73.625788,3024.78,807022,266.8,1.21,6.4,22.9,0.0,0.0,0,0,0,0,0,12,34,23.0,258.5,169.6,86.3,2.6,1.01,13,0
DIST_IND_494,DAMAN AND DIU,Diu,20.721003,70.936376,37.65,52074,1383.11,0.52,3.4,9.8,0.0,0.0,0,0,0,0,0,38,192,115.0,295.6,260.1,34.8,0.7,0.24,0,0
DIST_IND_495,DAMAN AND DIU,Daman,20.414236,72.858162,57.78,191173,3308.64,2.41,11.1,45.8,0.0,0.0,0,0,0,0,0,16,59,30.0,296.0,197.0,97.1,2.0,0.68,5,0
DIST_IND_496,DADRA AND NAGAR HAVELI,Dadra AND Nagar Haveli,20.194231,73.070677,475.16,343709,723.35,,,,,,0,0,0,0,0,15,59,30.0,295.1,196.7,97.1,1.5,0.51,18,0
DIST_IND_497,MAHARASHTRA,Nandurbar,21.549538,74.215967,5744.07,1648295,286.96,1.32,9.5,25.0,0.0,0.0,0,0,0,0,0,18,48,20.0,284.2,159.6,114.19999999999999,10.4,3.66,16,0
DIST_IND_498,MAHARASHTRA,Dhule,21.110245,74.599881,6928.92,2050862,295.99,0.38,1.9,7.2,0.0,0.0,0,0,0,0,0,14,40,20.0,293.6,194.0,91.6,7.9,2.69,48,0
DIST_IND_499,MAHARASHTRA,Jalgaon,20.933468,75.487098,11341.57,4229917,372.96,0.53,3.6,10.1,0.0,0.0,0,0,0,0,0,20,57,43.0,295.4,184.2,99.69999999999999,11.4,3.86,138,0
DIST_IND_500,MAHARASHTRA,Buldana,,,,2586258,,,,,,,0,0,0,0,0,0,0,0.0,294.4,154.6,123.6,16.2,5.5,0,0
DIST_IND_501,MAHARASHTRA,Akola,20.747506,77.054924,5236.39,1813906,346.4,0.58,2.6,11.1,0.0,0.0,0,0,0,0,0,27,74,28.0,294.7,156.3,121.7,16.6,5.63,34,0
DIST_IND_502,MAHARASHTRA,Washim,20.235009,77.216731,4968.94,1197160,240.93,0.71,3.8,13.5,0.0,0.0,0,0,0,0,0,23,71,15.0,294.0,154.5,124.4,15.1,5.14,7,0
DIST_IND_503,MAHARASHTRA,Amravati,21.187332,77.571038,11763.57,2888445,245.54,,,,,,0,0,0,0,0,35,88,28.0,292.5,164.2,113.5,14.799999999999999,5.06,64,0
DIST_IND_504,MAHARASHTRA,Wardha,20.796779,78.586517,6083.68,1300774,213.81,2.36,18.9,44.8,0.0,0.0,0,0,0,0,0,43,145,0.0,291.5,167.9,102.89999999999999,20.6,7.07,10,0
DIST_IND_505,MAHARASHTRA,Nagpur,21.177909,79.085105,9537.17,4653570,487.94,3.84,12.8,73.0,0.0,0.0,0,0,0,0,0,66,228,33.0,292.0,187.5,88.80000000000001,15.599999999999998,5.34,290,0
DIST_IND_506,MAHARASHTRA,Bhandara,21.117758,79.761469,3945.91,1200334,304.2,7.58,26.9,144.1,0.0,0.0,0,0,0,0,0,85,284,35.0,294.5,169.3,106.8,18.5,6.28,18,0
DIST_IND_507,MAHARASHTRA,Gondiya,,,,1322507,,7.04,28.0,133.8,0.0,0.0,0,0,0,0,0,0,0,0.0,292.3,176.0,102.89999999999999,13.4,4.58,0,0
DIST_IND_508,MAHARASHTRA,Gadchiroli,19.785794,80.240336,14038.09,1072942,76.43,9.76,48.2,185.4,0.0,0.0,0,0,0,0,0,44,130,40.0,293.9,165.4,108.0,20.4,6.94,3,0
DIST_IND_509,MAHARASHTRA,Chandrapur,20.117626,79.439897,10967.04,2204307,200.99,4.28,16.3,81.3,0.0,0.0,0,0,0,0,0,42,110,38.0,294.4,170.7,100.6,23.0,7.81,35,0
DIST_IND_510,MAHARASHTRA,Yavatmal,20.083255,78.160781,13120.8,2772348,211.29,1.33,7.5,25.2,0.0,0.0,0,0,0,0,0,26,77,15.0,294.0,157.3,117.5,19.2,6.53,18,0
DIST_IND_511,MAHARASHTRA,Nanded,19.111347,77.616481,10195.68,3361292,329.68,1.85,12.9,35.1,0.0,0.0,0,0,0,0,0,16,40,20.0,293.9,144.7,130.7,18.4,6.26,34,0
DIST_IND_512,MAHARASHTRA,Hingoli,19.643265,77.10323,4462.04,1177345,263.86,1.26,9.2,24.0,0.0,0.0,0,0,0,0,0,20,51,20.0,293.5,150.4,128.3,14.7,5.01,8,0
DIST_IND_513,MAHARASHTRA,Parbhani,19.268746,76.695308,6198.99,1836086,296.19,0.79,5.7,15.0,0.0,0.0,0,0,0,0,0,14,37,20.0,293.5,149.3,124.60000000000001,19.8,6.75,14,0
DIST_IND_514,MAHARASHTRA,Jalna,19.805797,75.981937,7394.04,1959046,264.95,0.23,1.5,4.3,0.0,0.0,0,0,0,0,0,19,45,43.0,292.7,161.7,115.1,15.899999999999999,5.43,22,0
DIST_IND_515,MAHARASHTRA,Aurangabad,24.790781,84.408533,3179.16,3701282,1164.23,,,,,,0,0,0,0,0,106,446,25.0,294.3,187.3,92.6,14.5,4.93,118,0
DIST_IND_516,MAHARASHTRA,Nashik,20.259138,74.068888,14997.76,6107187,407.21,,,,,,0,0,0,0,0,16,39,60.0,293.7,194.7,86.89999999999999,12.2,4.15,176,0
DIST_IND_517,MAHARASHTRA,Thane,19.361465,73.321251,4120.77,11060148,2684.0,4.0,12.9,76.0,0.0,0.0,0,0,0,0,0,17,58,78.0,291.5,203.2,79.6,8.7,2.98,725,0
DIST_IND_518,MAHARASHTRA,Mumbai Suburban,19.138513,72.880825,406.09,9356962,23041.6,,,,,,0,0,0,0,0,17,62,78.0,196.0,141.0,52.2,2.6,1.33,0,0
DIST_IND_519,MAHARASHTRA,Mumbai,18.985251,72.837426,72.45,3085411,42586.76,,,,,,0,0,0,0,0,18,68,85.0,194.6,142.0,49.8,2.8,1.44,1308,0
DIST_IND_520,MAHARASHTRA,Raigarh,22.084028,83.30297,6786.25,2634200,388.17,,,,,,0,0,0,0,0,229,699,50.0,295.2,219.2,68.9,7.1,2.41,167,0
DIST_IND_521,MAHARASHTRA,Pune,18.570422,74.069064,15181.52,9429408,621.11,2.55,5.7,48.4,0.0,0.0,0,0,0,0,0,17,51,78.0,294.2,220.7,64.9,8.5,2.89,660,0
DIST_IND_522,MAHARASHTRA,Ahmadnagar,19.204482,74.676262,16554.77,4543159,274.43,0.29,1.1,5.5,0.0,0.0,0,0,0,0,0,18,46,60.0,293.9,196.7,81.1,16.1,5.48,115,0
DIST_IND_523,MAHARASHTRA,Bid,,,,2585049,,1.33,7.1,25.2,0.0,0.0,0,0,0,0,0,0,0,0.0,294.6,167.7,109.1,17.8,6.04,0,0
DIST_IND_524,MAHARASHTRA,Latur,18.373859,76.760439,6994.56,2454196,350.87,2.73,20.5,51.9,0.0,0.0,0,0,0,0,0,10,17,20.0,294.5,175.0,106.4,13.100000000000001,4.45,51,0
DIST_IND_525,MAHARASHTRA,Osmanabad,18.187997,76.03867,7357.72,1657576,225.28,,,,,,0,0,0,0,0,11,34,0.0,294.5,175.0,105.0,14.399999999999999,4.89,18,0
DIST_IND_526,MAHARASHTRA,Solapur,17.790347,75.483356,14458.46,4317756,298.63,0.41,2.2,7.8,0.0,0.0,0,0,0,0,0,15,49,23.0,292.2,189.0,87.7,15.3,5.24,167,0
DIST_IND_527,MAHARASHTRA,Satara,17.669387,74.172349,10194.12,3003741,294.65,3.99,10.9,75.8,0.0,0.0,0,0,0,0,0,15,47,25.0,289.3,205.5,71.4,12.5,4.32,160,0
DIST_IND_528,MAHARASHTRA,Ratnagiri,17.272767,73.454673,8091.99,1615069,199.59,12.89,30.8,245.0,0.0,0.0,0,0,0,0,0,16,54,50.0,296.1,215.5,71.0,9.7,3.28,39,0
DIST_IND_529,MAHARASHTRA,Sindhudurg,16.133374,73.737589,5005.05,849651,169.76,10.35,25.2,196.6,0.0,0.0,0,0,0,0,0,11,45,20.0,294.1,205.39999999999998,76.8,12.0,4.08,33,0
DIST_IND_530,MAHARASHTRA,Kolhapur,16.470028,74.158744,7515.52,3876001,515.73,6.31,18.9,119.9,0.0,0.0,0,0,0,0,0,11,42,20.0,283.7,213.6,65.4,4.6,1.62,178,0
DIST_IND_531,MAHARASHTRA,Sangli,17.113912,74.76785,8393.17,2822143,336.24,1.26,2.4,23.9,0.0,0.0,0,0,0,0,0,11,31,25.0,290.70000000000005,202.4,76.7,11.7,4.02,61,0
DIST_IND_532,ANDHRA PRADESH,Adilabad,19.516695,78.571708,3962.79,2741239,691.74,,,,,,0,0,0,0,0,26,80,20.0,295.5,190.4,90.19999999999999,14.8,5.01,0,0
DIST_IND_533,ANDHRA PRADESH,Nizamabad,18.700244,78.211437,4102.0,2551335,621.97,,,,,,0,0,0,0,0,20,59,18.0,282.8,190.3,82.5,10.0,3.54,0,0
DIST_IND_534,ANDHRA PRADESH,Karimnagar,18.383255,79.248047,1918.03,3776269,1968.83,,,,,,0,0,0,0,0,31,93,50.0,293.4,200.7,81.4,11.2,3.82,0,0
DIST_IND_535,ANDHRA PRADESH,Medak,17.953214,78.243508,2805.28,3033288,1081.28,,,,,,0,0,0,0,0,20,56,30.0,294.0,201.7,83.0,9.200000000000001,3.13,0,0
DIST_IND_536,ANDHRA PRADESH,Hyderabad,17.402171,78.469584,205.59,3943323,19180.52,,,,,,0,0,0,0,0,20,77,40.0,196.0,157.0,37.2,1.8,0.92,165,0
DIST_IND_537,ANDHRA PRADESH,Rangareddy,,,,5296741,,,,,,,0,0,0,0,0,0,0,0.0,294.6,231.5,59.2,4.0,1.36,0,0
DIST_IND_538,ANDHRA PRADESH,Mahbubnagar,,,,4053028,,,,,,,0,0,0,0,0,0,0,0.0,294.3,203.7,77.2,13.3,4.52,0,0
DIST_IND_539,ANDHRA PRADESH,Nalgonda,16.876507,79.192384,7029.49,3488809,496.31,,,,,,0,0,0,0,0,25,90,65.0,291.9,190.6,88.5,12.7,4.35,0,0
DIST_IND_540,ANDHRA PRADESH,Warangal,17.918033,79.731062,2068.92,3512576,1697.78,,,,,,0,0,0,0,0,28,82,65.0,293.3,179.7,95.5,18.3,6.24,0,0
DIST_IND_541,ANDHRA PRADESH,Khammam,17.194508,80.343113,4179.35,2797370,669.33,,,,,,0,0,0,0,0,43,134,100.0,294.6,196.5,86.4,11.8,4.01,0,0
DIST_IND_542,ANDHRA PRADESH,Srikakulam,18.598014,84.023732,5697.77,2703114,474.42,4.26,46.8,81.0,0.0,0.0,0,0,0,0,0,94,337,120.0,294.9,204.2,82.5,8.2,2.78,37,0
DIST_IND_543,ANDHRA PRADESH,Vizianagaram,18.472028,83.384147,5987.59,2344474,391.56,2.88,16.7,54.7,0.0,0.0,0,0,0,0,0,73,264,115.0,294.3,208.2,78.1,8.1,2.75,32,0
DIST_IND_544,ANDHRA PRADESH,Visakhapatnam,,,,4290589,,,,,,,0,0,0,0,0,0,0,0.0,296.3,220.7,69.1,6.300000000000001,2.13,130,0
DIST_IND_545,ANDHRA PRADESH,East Godavari,17.269901,81.895662,12655.61,5154296,407.27,1.64,10.0,31.2,0.0,0.0,0,0,0,0,0,52,170,115.0,294.2,207.9,77.6,8.799999999999999,2.99,163,0
DIST_IND_546,ANDHRA PRADESH,West Godavari,16.936726,81.383741,8205.56,3936966,479.79,3.68,24.4,70.0,0.0,0.0,0,0,0,0,0,56,206,115.0,295.9,206.5,78.2,11.2,3.79,89,0
DIST_IND_547,ANDHRA PRADESH,Krishna,16.555284,80.799276,8561.53,4517398,527.64,3.12,17.7,59.3,0.0,0.0,0,0,0,0,0,52,212,108.0,295.6,210.0,76.2,9.299999999999999,3.15,193,0
DIST_IND_548,ANDHRA PRADESH,Guntur,16.292712,80.080221,11173.02,4887813,437.47,2.37,12.7,45.1,0.0,0.0,0,0,0,0,0,41,166,108.0,295.3,206.3,79.6,9.6,3.25,184,0
DIST_IND_549,ANDHRA PRADESH,Prakasam,15.615657,79.515717,17307.46,3397448,196.3,0.65,5.0,12.3,0.0,0.0,0,0,0,0,0,37,122,115.0,292.6,205.8,77.1,9.7,3.32,57,0
DIST_IND_550,ANDHRA PRADESH,Sri Potti Sriramulu Nellore,,,,2963557,,,,,,,0,0,0,0,0,0,0,0.0,293.5,216.0,67.8,9.7,3.3,0,0
DIST_IND_551,ANDHRA PRADESH,Y.S.R.,14.462824,78.781145,15155.28,2882469,190.2,,,,,,0,0,0,0,0,30,74,90.0,292.7,227.7,59.3,5.7,1.95,59,0
DIST_IND_552,ANDHRA PRADESH,Kurnool,15.532068,77.999424,17350.56,4053463,233.62,0.62,5.3,11.8,0.0,0.0,0,0,0,0,0,20,52,68.0,293.7,215.2,71.3,7.3,2.49,62,0
DIST_IND_553,ANDHRA PRADESH,Anantapur,14.480051,77.573789,18893.2,4081148,216.01,,,,,,0,0,0,0,0,17,37,45.0,288.29999999999995,220.6,61.1,6.5,2.25,44,0
DIST_IND_554,ANDHRA PRADESH,Chittoor,13.464835,79.005727,14912.35,4174064,279.91,1.85,9.0,35.1,0.0,0.0,0,0,0,0,0,37,101,58.0,294.4,230.39999999999998,56.1,7.9,2.68,107,0
DIST_IND_555,KARNATAKA,Belgaum,,,,4779661,,1.84,4.9,35.0,0.0,0.0,0,0,0,0,0,0,0,0.0,290.5,185.2,95.1,10.2,3.51,0,0
DIST_IND_556,KARNATAKA,Bagalkot,,,,1889752,,1.26,4.4,24.0,0.0,0.0,0,0,0,0,0,0,0,0.0,290.5,166.6,110.7,13.2,4.54,50,0
DIST_IND_557,KARNATAKA,Bijapur,18.824802,80.776483,8132.85,2177331,267.72,,,,,,0,0,0,0,0,39,117,30.0,295.1,174.3,105.5,15.4,5.22,0,0
DIST_IND_558,KARNATAKA,Bidar,17.951855,77.224452,5290.28,1703300,321.97,3.21,30.0,61.0,0.0,0.0,0,0,0,0,0,13,35,20.0,295.0,148.3,134.4,12.3,4.17,20,0
DIST_IND_559,KARNATAKA,Raichur,16.090576,76.891396,8269.74,1928812,233.24,0.87,6.9,16.5,0.0,0.0,0,0,0,0,0,12,30,40.0,294.6,166.7,111.4,16.7,5.67,35,0
DIST_IND_560,KARNATAKA,Koppal,15.562316,76.221437,5469.5,1389920,254.12,1.91,10.1,36.3,0.0,0.0,0,0,0,0,0,12,33,40.0,292.2,179.0,99.8,13.3,4.55,3,0
DIST_IND_561,KARNATAKA,Gadag,15.430856,75.665259,4576.79,1064570,232.6,1.93,6.4,36.6,0.0,0.0,0,0,0,0,0,15,39,35.0,290.9,165.7,112.5,12.5,4.3,26,0
DIST_IND_562,KARNATAKA,Dharwad,15.39006,75.152207,4185.66,1847023,441.27,1.62,5.3,30.7,0.0,0.0,0,0,0,0,0,12,35,35.0,291.8,184.0,99.4,8.5,2.91,90,0
DIST_IND_563,KARNATAKA,Uttara Kannada,14.789795,74.619271,10148.75,1437169,141.61,,,,,,0,0,0,0,0,16,46,35.0,295.3,152.5,127.9,14.9,5.05,41,0
DIST_IND_564,KARNATAKA,Haveri,14.738556,75.416696,4756.75,1597668,335.87,1.69,8.7,32.2,0.0,0.0,0,0,0,0,0,17,36,35.0,291.7,167.4,112.3,12.0,4.11,17,0
DIST_IND_565,KARNATAKA,Bellary,,,,2452595,,1.27,6.4,24.2,0.0,0.0,0,0,0,0,0,0,0,0.0,294.4,179.7,102.0,12.7,4.31,0,0
DIST_IND_566,KARNATAKA,Chitradurga,14.167746,76.514667,8347.29,1659456,198.8,1.28,9.2,24.4,0.0,0.0,0,0,0,0,0,17,52,0.0,292.4,164.39999999999998,115.2,12.8,4.38,18,0
DIST_IND_567,KARNATAKA,Davanagere,,,,1945497,,,,,,,0,0,0,0,0,0,0,0.0,292.5,165.2,114.19999999999999,13.1,4.48,0,0
DIST_IND_568,KARNATAKA,Shimoga,,,,1752753,,7.82,17.4,148.5,0.0,0.0,0,0,0,0,0,0,0,0.0,294.29999999999995,161.7,116.5,16.1,5.47,0,0
DIST_IND_569,KARNATAKA,Udupi,13.497966,74.871952,3561.8,1177361,330.55,15.61,45.1,296.5,0.0,0.0,0,0,0,0,0,15,54,43.0,296.0,196.8,89.6,9.7,3.28,46,0
DIST_IND_570,KARNATAKA,Chikmagalur,,,,1137961,,5.35,13.1,101.6,0.0,0.0,0,0,0,0,0,0,0,0.0,291.4,163.89999999999998,114.6,12.899999999999999,4.43,0,0
DIST_IND_571,KARNATAKA,Tumkur,,,,2678980,,1.19,5.1,22.6,0.0,0.0,0,0,0,0,0,0,0,0.0,290.2,175.5,101.9,12.9,4.45,0,0
DIST_IND_572,KARNATAKA,Bangalore,,,,9621551,,,,,,,0,0,0,0,0,0,0,0.0,296.6,224.0,67.9,4.7,1.58,0,0
DIST_IND_573,KARNATAKA,Mandya,12.611518,76.797438,4952.17,1805769,364.64,,,,,,0,0,0,0,0,22,60,40.0,279.0,162.1,105.8,11.1,3.98,42,0
DIST_IND_574,KARNATAKA,Hassan,12.99608,76.107581,6790.12,1776421,261.62,1.91,14.2,36.3,0.0,0.0,0,0,0,0,0,16,53,35.0,280.7,155.6,112.5,12.7,4.52,33,0
DIST_IND_575,KARNATAKA,Dakshina Kannada,12.852755,75.25063,4856.61,2089649,430.27,,,,,,0,0,0,0,0,13,46,28.0,268.5,176.0,85.69999999999999,6.8,2.53,117,0
DIST_IND_576,KARNATAKA,Kodagu,12.3245,75.800963,4113.65,554519,134.8,10.27,50.2,195.2,0.0,0.0,0,0,0,0,0,18,42,30.0,295.7,173.0,110.8,12.0,4.06,12,0
DIST_IND_577,KARNATAKA,Mysore,,,,3001127,,1.41,11.8,26.7,0.0,0.0,0,0,0,0,0,0,0,0.0,288.5,167.3,110.30000000000001,10.9,3.78,0,0
DIST_IND_578,KARNATAKA,Chamarajanagar,,,,1020791,,0.58,4.7,11.1,0.0,0.0,0,0,0,0,0,0,0,0.0,293.1,148.5,127.0,17.6,6.0,15,0
DIST_IND_579,KARNATAKA,Gulbarga,,,,2566326,,0.77,10.0,14.7,0.0,0.0,0,0,0,0,0,0,0,0.0,295.5,178.70000000000002,108.8,8.2,2.77,49,0
DIST_IND_580,KARNATAKA,Yadgir,16.626963,76.912038,5153.37,1174271,227.86,1.37,9.2,26.0,0.0,0.0,0,0,0,0,0,12,40,0.0,293.6,150.3,130.0,13.200000000000001,4.5,2,0
DIST_IND_581,KARNATAKA,Kolar,13.139339,78.217614,3961.43,1536401,387.84,1.28,11.2,24.3,0.0,0.0,0,0,0,0,0,22,70,50.0,293.1,175.1,107.5,10.4,3.55,41,0
DIST_IND_582,KARNATAKA,Chikkaballapura,13.577874,77.835194,4212.92,1255104,297.92,,,,,,0,0,0,0,0,18,67,45.0,292.0,182.5,99.1,10.5,3.6,0,0
DIST_IND_583,KARNATAKA,Bangalore Rural,,,,990923,,2.66,12.8,50.6,0.0,0.0,0,0,0,0,0,0,0,0.0,289.9,186.2,95.4,8.4,2.9,0,0
DIST_IND_584,KARNATAKA,Ramanagara,12.678413,77.335574,3510.46,1082636,308.4,,,,,,0,0,0,0,0,23,73,40.0,285.0,157.7,112.2,15.2,5.33,8,0
DIST_IND_585,GOA,North Goa,15.55044,73.97734,1696.18,818008,482.26,13.25,37.8,251.8,0.0,0.0,0,0,0,0,0,14,44,35.0,295.3,228.6,62.400000000000006,4.3,1.46,45,0
DIST_IND_586,GOA,South Goa,15.200648,74.114118,1932.23,640537,331.5,12.13,49.5,230.5,0.0,0.0,0,0,0,0,0,18,49,35.0,295.1,219.5,70.5,5.1,1.73,39,0
DIST_IND_587,LAKSHADWEEP,Lakshadweep,,,,64473,,4.18,17.9,79.5,0.0,0.0,0,0,0,0,0,0,0,0.0,298.51,220.39,75.14,3.0,1.0,1,0
DIST_IND_588,KERALA,Kasaragod,12.460964,75.151311,1990.11,1307375,656.94,,,,,,0,0,0,0,0,16,42,53.0,299.0,206.1,76.8,16.1,5.38,34,0
DIST_IND_589,KERALA,Kannur,12.000227,75.52393,2971.17,2523003,849.16,11.66,55.1,221.5,0.0,0.0,0,0,0,0,0,14,41,45.0,299.1,213.5,73.9,11.9,3.98,56,0
DIST_IND_590,KERALA,Wayanad,11.712059,76.097691,2146.78,817420,380.77,5.84,24.7,110.9,0.0,0.0,0,0,0,0,0,19,57,43.0,299.1,165.3,110.5,23.4,7.82,16,0
DIST_IND_591,KERALA,Kozhikode,11.484823,75.833406,2362.26,3086293,1306.5,,,,,,0,0,0,0,0,21,60,43.0,299.4,216.7,68.0,14.6,4.88,53,0
DIST_IND_592,KERALA,Malappuram,11.132917,76.154244,3588.29,4112920,1146.21,5.77,58.5,109.6,0.0,0.0,0,0,0,0,0,23,65,40.0,299.4,215.89999999999998,73.3,10.0,3.34,48,0
DIST_IND_593,KERALA,Palakkad,10.79431,76.556945,4534.61,2809934,619.66,6.25,50.8,118.8,0.0,0.0,0,0,0,0,0,22,70,50.0,298.0,188.3,96.3,13.399999999999999,4.5,49,0
DIST_IND_594,KERALA,Thrissur,10.471309,76.314415,3077.82,3121200,1014.09,,,,,,0,0,0,0,0,19,54,50.0,298.6,191.1,93.9,13.6,4.55,74,0
DIST_IND_595,KERALA,Ernakulam,10.083879,76.54543,3116.0,3282388,1053.4,9.65,63.3,183.3,0.0,0.0,0,0,0,0,0,17,43,50.0,298.5,210.8,75.8,11.8,3.95,180,0
DIST_IND_596,KERALA,Idukki,9.838883,77.056876,4446.81,1108974,249.39,8.53,39.8,162.1,0.0,0.0,0,0,0,0,0,15,45,55.0,297.8,170.4,109.8,17.4,5.84,25,0
DIST_IND_597,KERALA,Kottayam,9.637026,76.650551,2252.61,1974551,876.56,,,,,,0,0,0,0,0,13,37,50.0,298.1,193.60000000000002,93.2,11.2,3.76,77,0
DIST_IND_598,KERALA,Alappuzha,9.427783,76.447201,1456.73,2127789,1460.66,5.06,19.1,96.2,0.0,0.0,0,0,0,0,0,12,35,45.0,298.3,192.9,84.2,21.1,7.07,58,0
DIST_IND_599,KERALA,Pathanamthitta,9.28463,76.927008,2716.23,1197412,440.84,,,,,,0,0,0,0,0,10,35,55.0,298.1,203.2,82.8,12.2,4.09,40,0
DIST_IND_600,KERALA,Kollam,8.961797,76.871967,2563.96,2635375,1027.85,3.32,21.9,63.1,0.0,0.0,0,0,0,0,0,9,36,55.0,298.1,197.6,81.2,19.5,6.54,68,0
DIST_IND_601,KERALA,Thiruvananthapuram,8.608638,77.012639,2259.14,3301427,1461.36,,,,,,0,0,0,0,0,11,39,55.0,297.9,184.7,89.0,24.2,8.12,111,0
DIST_IND_602,TAMIL NADU,Thiruvallur,13.238969,79.948161,3397.28,3728104,1097.38,,,,,,0,0,0,0,0,64,233,85.0,295.3,217.3,72.0,6.1,2.07,0,0
DIST_IND_603,TAMIL NADU,Chennai,13.060086,80.242999,168.11,4646732,27641.02,4.33,24.8,82.2,0.0,0.0,0,0,0,0,0,71,301,85.0,197.4,161.8,34.0,1.6,0.81,552,0
DIST_IND_604,TAMIL NADU,Kancheepuram,,,,3998252,,,,,,,0,0,0,0,0,0,0,0.0,295.3,220.5,70.3,4.300000000000001,1.46,0,0
DIST_IND_605,TAMIL NADU,Vellore,12.909968,78.963634,2132.27,3936331,1846.08,1.23,6.4,23.3,0.0,0.0,0,0,0,0,0,41,117,58.0,293.0,215.60000000000002,71.6,5.8,1.98,37,0
DIST_IND_606,TAMIL NADU,Tiruvannamalai,12.432084,79.165531,6191.48,2464875,398.11,2.71,16.9,51.5,0.0,0.0,0,0,0,0,0,45,153,60.0,291.6,213.7,72.2,5.7,1.95,17,0
DIST_IND_607,TAMIL NADU,Viluppuram,,,,3458873,,,,,,,0,0,0,0,0,0,0,0.0,295.9,198.0,92.6,5.199999999999999,1.76,0,0
DIST_IND_608,TAMIL NADU,Salem,11.67761,78.222727,5266.71,3482056,661.14,1.56,6.7,29.6,0.0,0.0,0,0,0,0,0,25,95,60.0,286.2,200.0,80.9,5.3,1.85,104,0
DIST_IND_609,TAMIL NADU,Namakkal,11.318529,78.135401,3444.99,1726601,501.19,0.98,11.7,18.7,0.0,0.0,0,0,0,0,0,26,88,60.0,292.1,215.5,72.0,4.4,1.51,41,0
DIST_IND_610,TAMIL NADU,Erode,11.517654,77.41308,5801.48,2251744,388.13,1.25,9.5,23.8,0.0,0.0,0,0,0,0,0,23,68,50.0,292.6,211.79999999999998,76.2,4.6,1.57,111,0
DIST_IND_611,TAMIL NADU,The Nilgiris,11.455705,76.640308,2581.36,735394,284.89,,,,,,0,0,0,0,0,22,64,40.0,297.6,186.0,105.6,5.9,1.98,14,0
DIST_IND_612,TAMIL NADU,Dindigul,10.391649,77.819537,6141.98,2159775,351.64,1.06,7.3,20.1,0.0,0.0,0,0,0,0,0,20,53,63.0,294.5,204.9,84.7,4.7,1.6,52,0
DIST_IND_613,TAMIL NADU,Karur,10.844279,78.134563,2937.23,1064493,362.41,0.16,1.4,3.1,0.0,0.0,0,0,0,0,0,25,61,63.0,295.5,218.0,72.9,4.6000000000000005,1.56,26,0
DIST_IND_614,TAMIL NADU,Tiruchirappalli,10.889828,78.569709,4549.56,2722290,598.36,0.83,7.0,15.7,0.0,0.0,0,0,0,0,0,34,96,70.0,295.3,214.89999999999998,75.1,5.4,1.83,126,0
DIST_IND_615,TAMIL NADU,Perambalur,11.274957,78.891534,1771.14,565223,319.13,1.88,14.6,35.7,0.0,0.0,0,0,0,0,0,34,107,70.0,294.8,216.7,73.2,4.9,1.66,9,0
DIST_IND_616,TAMIL NADU,Ariyalur,11.161978,79.24219,1957.31,754894,385.68,2.94,27.0,55.8,0.0,0.0,0,0,0,0,0,43,132,75.0,291.9,184.1,99.4,8.4,2.88,5,0
DIST_IND_617,TAMIL NADU,Cuddalore,11.535935,79.450992,3734.42,2605914,697.81,2.64,18.5,50.1,0.0,0.0,0,0,0,0,0,42,155,70.0,295.4,191.3,98.2,6.0,2.03,30,0
DIST_IND_618,TAMIL NADU,Nagapattinam,10.837223,79.738381,2620.82,1616450,616.77,0.0,0.0,0.0,0.0,0.0,0,0,0,0,0,51,179,80.0,296.1,171.9,115.6,8.6,2.9,26,0
DIST_IND_619,TAMIL NADU,Thiruvarur,10.674179,79.533464,2319.36,1264277,545.1,2.04,18.8,38.7,0.0,0.0,0,0,0,0,0,48,163,80.0,296.4,174.4,112.5,9.4,3.17,0,0
DIST_IND_620,TAMIL NADU,Thanjavur,10.669963,79.240801,3464.31,2405890,694.48,1.74,11.9,33.0,0.0,0.0,0,0,0,0,0,41,134,75.0,293.6,176.6,107.0,10.0,3.41,51,0
DIST_IND_621,TAMIL NADU,Pudukkottai,10.358921,78.880734,4750.81,1618345,340.65,1.94,12.4,36.8,0.0,0.0,0,0,0,0,0,32,99,75.0,296.7,187.3,99.7,9.5,3.2,25,0
DIST_IND_622,TAMIL NADU,Sivaganga,9.915595,78.595957,4302.59,1339101,311.23,2.46,9.6,46.7,0.0,0.0,0,0,0,0,0,24,72,70.0,297.3,208.9,81.4,6.8,2.29,23,0
DIST_IND_623,TAMIL NADU,Madurai,9.92264,78.004611,3780.92,3038252,803.57,2.02,15.8,38.4,0.0,0.0,0,0,0,0,0,23,55,63.0,294.5,219.7,70.7,4.1,1.39,167,0
DIST_IND_624,TAMIL NADU,Theni,9.891519,77.438145,2921.92,1245899,426.4,,,,,,0,0,0,0,0,16,42,55.0,292.8,193.29999999999998,94.6,4.8,1.64,26,0
DIST_IND_625,TAMIL NADU,Virudhunagar,9.492162,77.905604,4341.52,1942288,447.38,1.54,14.1,29.3,0.0,0.0,0,0,0,0,0,15,39,55.0,296.8,224.5,68.2,3.9,1.31,76,0
DIST_IND_626,TAMIL NADU,Ramanathapuram,9.437342,78.689613,4272.39,1353445,316.79,0.32,3.9,6.1,0.0,0.0,0,0,0,0,0,24,70,48.0,295.1,199.60000000000002,88.39999999999999,7.2,2.44,28,0
DIST_IND_627,TAMIL NADU,Thoothukkudi,,,,1750176,,,,,,,0,0,0,0,0,0,0,0.0,297.2,208.2,84.1,4.8,1.62,0,0
DIST_IND_628,TAMIL NADU,Tirunelveli,8.573991,77.591085,4008.19,3077233,767.74,0.79,4.3,15.0,0.0,0.0,0,0,0,0,0,13,45,63.0,284.4,202.7,77.8,3.8,1.34,77,0
DIST_IND_629,TAMIL NADU,Kanniyakumari,8.307289,77.359662,1741.95,1870374,1073.72,,,,,,0,0,0,0,0,14,47,63.0,297.29999999999995,188.0,100.7,8.5,2.86,129,0
DIST_IND_630,TAMIL NADU,Dharmapuri,12.100497,78.193379,4507.55,1506843,334.29,,,,,,0,0,0,0,0,30,95,60.0,295.0,202.8,85.8,6.4,2.17,33,0
DIST_IND_631,TAMIL NADU,Krishnagiri,12.490491,78.031469,5127.19,1879809,366.64,0.93,4.3,17.7,0.0,0.0,0,0,0,0,0,32,89,55.0,294.6,211.9,78.1,4.5,1.53,30,0
DIST_IND_632,TAMIL NADU,Coimbatore,10.876741,76.976632,4782.75,3458045,723.02,4.5,26.2,85.5,0.0,0.0,0,0,0,0,0,22,64,55.0,293.9,216.3,74.3,3.3,1.12,262,0
DIST_IND_633,TAMIL NADU,Tiruppur,10.837411,77.407715,5241.07,2479052,473.0,0.6,7.8,11.4,0.0,0.0,0,0,0,0,0,20,60,55.0,293.6,215.60000000000002,74.6,3.4000000000000004,1.16,0,0
DIST_IND_634,PONDICHERRY,Yanam,16.727661,82.252826,36.93,55626,1506.26,2.34,16.2,44.4,0.0,0.0,0,0,0,0,0,65,266,115.0,197.8,166.2,30.2,1.4,0.71,0,0
DIST_IND_635,PONDICHERRY,PONDICHERRY,11.912181,79.737693,303.86,950289,3127.39,,,,,,0,0,0,0,0,56,210,80.0,,,,,,0,0
DIST_IND_636,PONDICHERRY,Mahe,11.727375,75.540214,10.31,41816,4055.87,3.99,37.2,75.8,0.0,0.0,0,0,0,0,0,17,52,45.0,199.8,166.2,31.4,2.2,1.1,0,0
DIST_IND_637,PONDICHERRY,Karaikal,10.932248,79.803634,163.4,200222,1225.35,1.68,19.2,31.9,0.0,0.0,0,0,0,0,0,58,200,80.0,294.7,204.89999999999998,85.1,4.7,1.59,4,0
DIST_IND_638,ANDAMAN AND NICOBAR ISLANDS,Nicobars,7.510869,93.606548,1771.16,36842,20.8,,,,,,0,0,0,0,0,14,41,25.0,196.6,147.8,46.4,2.4,1.22,0,0
DIST_IND_639,ANDAMAN AND NICOBAR ISLANDS,North  AND Middle Andaman,12.834582,92.869583,3366.99,105597,31.36,22.82,89.6,433.5,0.0,2.0,0,0,0,0,0,35,162,95.0,290.9,139.2,139.8,12.0,4.13,0,0
DIST_IND_640,ANDAMAN AND NICOBAR ISLANDS,South Andaman,,,,238142,,7.45,23.2,141.6,0.0,0.0,0,0,0,0,0,0,0,0.0,295.5,209.2,79.5,6.8,2.3,5,0
